PI,YEAR,SITE,TRANSECT,START_LATITUDE,START_LONGITUDE,START_DEPTH_M,PERCENT_ROCK,PERCENT_COBBLE,PERCENT_S_LATISSIMA,PERCENT_KELP,S_LATISSIMA_SQ_M,TOTAL_KELP_SQ_M,C_BOREALIS_SQ_M,C_IRRORATUS_SQ_M,LOBSTERS_SQ_M,CUNNER_PER_TRANSECT,POLLACK_PER_TRANSECT,NETWORK,Algae_RICHNESS,Anthozoa_RICHNESS,Bivalves_RICHNESS,Brown Algae_RICHNESS,Bryozoans_RICHNESS,Corals_RICHNESS,Crustaceans_RICHNESS,Erect Red Algae_RICHNESS,Fish_RICHNESS,Gastropods_RICHNESS,Green Algae_RICHNESS,Invertebrate_RICHNESS,Medusozoa_RICHNESS,Polychaetes_RICHNESS,Red Algal Crusts_RICHNESS,Sea Cucumbers_RICHNESS,Sea Stars_RICHNESS,Sponges_RICHNESS,TOTAL_RICHNESS,Tunicates_RICHNESS,Urchins_RICHNESS,LAT,LONG,STATION,STATION_LONG,STATION_LAT,FALL_MAX_SEA_SURFACE_TEMPERATURE,FALL_MEAN_SEA_SURFACE_TEMPERATURE,FALL_MIN_SEA_SURFACE_TEMPERATURE,SPRING_MAX_SEA_SURFACE_TEMPERATURE,SPRING_MEAN_SEA_SURFACE_TEMPERATURE,SPRING_MIN_SEA_SURFACE_TEMPERATURE,SUMMER_MAX_SEA_SURFACE_TEMPERATURE,SUMMER_MEAN_SEA_SURFACE_TEMPERATURE,SUMMER_MIN_SEA_SURFACE_TEMPERATURE,WINTER_MAX_SEA_SURFACE_TEMPERATURE,WINTER_MEAN_SEA_SURFACE_TEMPERATURE,WINTER_MIN_SEA_SURFACE_TEMPERATURE,group_temp,temp_group_cent,year_temp,temp_year_cent,resid_temp
Byrnes,2014,Baker North,1,42.53804,-70.78646,8.2,78.75,21.25,77.5,77.5,28.5,28.5,0.125,0.025,0.25,0,1,KEEN ONE,16,0,2,5,2,0,4,8,3,1,0,14,0,0,3,0,1,1,33,3,0,42.536851666666664,-70.78398,44029,-70.566,42.523,15.899999618530273,10.834708065098363,5.699999809265137,17.899999618530273,9.98285450208397,2.799999952316284,21.200000762939453,17.42556870471791,13.5,6.199999809265137,3.533271459968903,0.5,1.6666666865348816,-1.1666666865348816,1.900000023841858,-1.1666666865348816,-3.0666667103767393
Byrnes,2014,Baker North,2,42.53744,-70.78494,7.3,86.25,10,86.25,86.25,23.166666666666668,23.166666666666668,0.1,0.0125,0.2375,1,1,KEEN ONE,17,0,1,5,1,0,4,10,4,1,0,11,0,0,2,0,0,2,32,2,0,42.536851666666664,-70.78398,44029,-70.566,42.523,15.899999618530273,10.834708065098363,5.699999809265137,17.899999618530273,9.98285450208397,2.799999952316284,21.200000762939453,17.42556870471791,13.5,6.199999809265137,3.533271459968903,0.5,1.6666666865348816,-1.1666666865348816,1.900000023841858,-1.1666666865348816,-3.0666667103767393
Byrnes,2014,Baker North,3,42.53696,-70.78384,9.1,96.25,1.25,31.25,31.25,3.6666666666666665,3.6666666666666665,0.05,0.025,0.1375,,,KEEN ONE,13,0,0,3,1,0,4,7,4,0,0,12,0,0,3,0,3,2,29,2,0,42.536851666666664,-70.78398,44029,-70.566,42.523,15.899999618530273,10.834708065098363,5.699999809265137,17.899999618530273,9.98285450208397,2.799999952316284,21.200000762939453,17.42556870471791,13.5,6.199999809265137,3.533271459968903,0.5,1.6666666865348816,-1.1666666865348816,1.900000023841858,-1.1666666865348816,-3.0666667103767393
Byrnes,2014,Baker North,4,42.53495,-70.78127,9.1,87.5,5,55,55,7.5,7.5,0.125,0.0125,0.175,,,KEEN ONE,19,0,1,4,3,0,4,11,2,0,0,12,0,0,4,0,0,1,33,3,0,42.536851666666664,-70.78398,44029,-70.566,42.523,15.899999618530273,10.834708065098363,5.699999809265137,17.899999618530273,9.98285450208397,2.799999952316284,21.200000762939453,17.42556870471791,13.5,6.199999809265137,3.533271459968903,0.5,1.6666666865348816,-1.1666666865348816,1.900000023841858,-1.1666666865348816,-3.0666667103767393
Byrnes,2014,Baker South,1,42.53283,-70.78202,7.62,93.75,3.75,35,35,6.833333333333333,6.833333333333333,0.15,0.15,0.2875,0,3,KEEN ONE,15,1,0,4,1,0,5,9,3,1,0,11,0,0,2,0,0,0,29,2,1,42.53199481735073,-70.78398852193266,44029,-70.566,42.523,15.899999618530273,10.834708065098363,5.699999809265137,17.899999618530273,9.98285450208397,2.799999952316284,21.200000762939453,17.42556870471791,13.5,6.199999809265137,3.533271459968903,0.5,1.6666666865348816,-1.1666666865348816,1.900000023841858,-1.1666666865348816,-3.0666667103767393
Byrnes,2014,Baker South,2,42.53167,-70.78329,7.7,63.75,20,41.25,41.25,5.166666666666667,5.166666666666667,0.025,0.15,0.1125,0,0,KEEN ONE,22,0,1,5,1,0,4,14,3,1,0,7,0,0,3,0,0,0,32,0,0,42.53199481735073,-70.78398852193266,44029,-70.566,42.523,15.899999618530273,10.834708065098363,5.699999809265137,17.899999618530273,9.98285450208397,2.799999952316284,21.200000762939453,17.42556870471791,13.5,6.199999809265137,3.533271459968903,0.5,1.6666666865348816,-1.1666666865348816,1.900000023841858,-1.1666666865348816,-3.0666667103767393
Byrnes,2014,Baker South,3,42.53066,-70.78569,7.6,55,23.75,36.25,36.25,6.5,6.5,0,0.4125,0.0875,0,0,KEEN ONE,23,0,0,7,1,0,3,11,4,2,1,8,0,0,4,0,1,0,35,1,0,42.53199481735073,-70.78398852193266,44029,-70.566,42.523,15.899999618530273,10.834708065098363,5.699999809265137,17.899999618530273,9.98285450208397,2.799999952316284,21.200000762939453,17.42556870471791,13.5,6.199999809265137,3.533271459968903,0.5,1.6666666865348816,-1.1666666865348816,1.900000023841858,-1.1666666865348816,-3.0666667103767393
Byrnes,2014,Baker South,4,42.53022,-70.78648,7.7,77.5,38.75,32.5,32.5,4.166666666666667,4.166666666666667,0,0.375,0.0375,0,0,KEEN ONE,20,0,0,4,1,0,3,12,4,1,1,10,0,0,3,0,2,1,34,2,0,42.53199481735073,-70.78398852193266,44029,-70.566,42.523,15.899999618530273,10.834708065098363,5.699999809265137,17.899999618530273,9.98285450208397,2.799999952316284,21.200000762939453,17.42556870471791,13.5,6.199999809265137,3.533271459968903,0.5,1.6666666865348816,-1.1666666865348816,1.900000023841858,-1.1666666865348816,-3.0666667103767393
Byrnes,2014,Calf Island,1,42.34634,-70.8925,7.4,91.25,10,0,3.75,10.5,10.5,0.075,0.025,0.2125,9,0,KEEN ONE,19,0,0,7,4,0,5,11,4,1,0,15,0,0,1,0,3,0,38,2,0,42.343203302748385,-70.8927884440005,44013,-70.651,42.346,15.699999809265137,10.830852990574499,5.5,20.200000762939453,10.166956904281944,2.9000000953674316,21.899999618530273,17.78310689330101,14,5.900000095367432,3.5046382110171947,1.899999976158142,2.366666634877523,-0.46666665871938084,1.900000023841858,-0.46666665871938084,-2.366666682561239
Byrnes,2014,Calf Island,1,42.34634,-70.8925,7.4,91.25,10,56.25,56.25,10.5,10.5,0.075,0.025,0.2125,9,0,KEEN ONE,19,0,0,7,4,0,5,11,4,1,0,15,0,0,1,0,3,0,38,2,0,42.343203302748385,-70.8927884440005,44013,-70.651,42.346,15.699999809265137,10.830852990574499,5.5,20.200000762939453,10.166956904281944,2.9000000953674316,21.899999618530273,17.78310689330101,14,5.900000095367432,3.5046382110171947,1.899999976158142,2.366666634877523,-0.46666665871938084,1.900000023841858,-0.46666665871938084,-2.366666682561239
Byrnes,2014,Calf Island,2,42.34416,-70.89385,7.6,92.5,10,0,3.75,10.5,10.666666666666666,0.05,0.05,0.1125,3,0,KEEN ONE,22,0,0,6,5,0,3,13,3,1,1,15,0,1,2,0,2,0,40,3,0,42.343203302748385,-70.8927884440005,44013,-70.651,42.346,15.699999809265137,10.830852990574499,5.5,20.200000762939453,10.166956904281944,2.9000000953674316,21.899999618530273,17.78310689330101,14,5.900000095367432,3.5046382110171947,1.899999976158142,2.366666634877523,-0.46666665871938084,1.900000023841858,-0.46666665871938084,-2.366666682561239
Byrnes,2014,Calf Island,2,42.34416,-70.89385,7.6,92.5,10,50,50,10.5,10.666666666666666,0.05,0.05,0.1125,3,0,KEEN ONE,22,0,0,6,5,0,3,13,3,1,1,15,0,1,2,0,2,0,40,3,0,42.343203302748385,-70.8927884440005,44013,-70.651,42.346,15.699999809265137,10.830852990574499,5.5,20.200000762939453,10.166956904281944,2.9000000953674316,21.899999618530273,17.78310689330101,14,5.900000095367432,3.5046382110171947,1.899999976158142,2.366666634877523,-0.46666665871938084,1.900000023841858,-0.46666665871938084,-2.366666682561239
Byrnes,2014,Calf Island,3,42.34295,-70.89327,8.5,77.5,8.75,0,3.75,4.5,4.833333333333333,0.1375,0.0875,0.225,,,KEEN ONE,19,0,2,6,2,0,4,11,2,1,0,13,0,0,2,0,3,0,34,1,0,42.343203302748385,-70.8927884440005,44013,-70.651,42.346,15.699999809265137,10.830852990574499,5.5,20.200000762939453,10.166956904281944,2.9000000953674316,21.899999618530273,17.78310689330101,14,5.900000095367432,3.5046382110171947,1.899999976158142,2.366666634877523,-0.46666665871938084,1.900000023841858,-0.46666665871938084,-2.366666682561239
Byrnes,2014,Calf Island,3,42.34295,-70.89327,8.5,77.5,8.75,67.5,67.5,4.5,4.833333333333333,0.1375,0.0875,0.225,,,KEEN ONE,19,0,2,6,2,0,4,11,2,1,0,13,0,0,2,0,3,0,34,1,0,42.343203302748385,-70.8927884440005,44013,-70.651,42.346,15.699999809265137,10.830852990574499,5.5,20.200000762939453,10.166956904281944,2.9000000953674316,21.899999618530273,17.78310689330101,14,5.900000095367432,3.5046382110171947,1.899999976158142,2.366666634877523,-0.46666665871938084,1.900000023841858,-0.46666665871938084,-2.366666682561239
Byrnes,2014,Calf Island,4,42.34053,-70.89362,8.1,66.25,10,0,2.5,3.1666666666666665,3.833333333333333,0.0875,0.075,0.15,101,0,KEEN ONE,22,0,1,8,1,0,4,12,3,1,0,11,0,0,2,0,2,0,36,2,0,42.343203302748385,-70.8927884440005,44013,-70.651,42.346,15.699999809265137,10.830852990574499,5.5,20.200000762939453,10.166956904281944,2.9000000953674316,21.899999618530273,17.78310689330101,14,5.900000095367432,3.5046382110171947,1.899999976158142,2.366666634877523,-0.46666665871938084,1.900000023841858,-0.46666665871938084,-2.366666682561239
Byrnes,2014,Calf Island,4,42.34053,-70.89362,8.1,66.25,10,45,45,3.1666666666666665,3.833333333333333,0.0875,0.075,0.15,101,0,KEEN ONE,22,0,1,8,1,0,4,12,3,1,0,11,0,0,2,0,2,0,36,2,0,42.343203302748385,-70.8927884440005,44013,-70.651,42.346,15.699999809265137,10.830852990574499,5.5,20.200000762939453,10.166956904281944,2.9000000953674316,21.899999618530273,17.78310689330101,14,5.900000095367432,3.5046382110171947,1.899999976158142,2.366666634877523,-0.46666665871938084,1.900000023841858,-0.46666665871938084,-2.366666682561239
Byrnes,2014,Little Brewster,1,42.32692,-70.89121,8.5,51.25,15,0,1.25,2.5,2.5,0.15,0.1,0.1625,6,0,KEEN ONE,11,0,0,4,5,0,4,7,3,0,0,15,1,0,0,0,2,1,29,2,0,42.327558052392796,-70.88972816747423,44013,-70.651,42.346,15.699999809265137,10.830852990574499,5.5,20.200000762939453,10.166956904281944,2.9000000953674316,21.899999618530273,17.78310689330101,14,5.900000095367432,3.5046382110171947,1.899999976158142,2.366666634877523,-0.46666665871938084,1.900000023841858,-0.46666665871938084,-2.366666682561239
Byrnes,2014,Little Brewster,1,42.32692,-70.89121,8.5,51.25,15,28.75,28.75,2.5,2.5,0.15,0.1,0.1625,6,0,KEEN ONE,11,0,0,4,5,0,4,7,3,0,0,15,1,0,0,0,2,1,29,2,0,42.327558052392796,-70.88972816747423,44013,-70.651,42.346,15.699999809265137,10.830852990574499,5.5,20.200000762939453,10.166956904281944,2.9000000953674316,21.899999618530273,17.78310689330101,14,5.900000095367432,3.5046382110171947,1.899999976158142,2.366666634877523,-0.46666665871938084,1.900000023841858,-0.46666665871938084,-2.366666682561239
Byrnes,2014,Little Brewster,2,42.327516,-70.88883,6.4,85,8.75,38.75,38.75,4.333333333333333,4.333333333333333,0.05,0.1,0.1375,7,0,KEEN ONE,19,0,0,5,5,0,3,10,2,1,1,17,2,1,3,0,2,0,38,3,0,42.327558052392796,-70.88972816747423,44013,-70.651,42.346,15.699999809265137,10.830852990574499,5.5,20.200000762939453,10.166956904281944,2.9000000953674316,21.899999618530273,17.78310689330101,14,5.900000095367432,3.5046382110171947,1.899999976158142,2.366666634877523,-0.46666665871938084,1.900000023841858,-0.46666665871938084,-2.366666682561239
Byrnes,2014,Little Brewster,3,42.32914,-70.88928,7.1,75,21.25,81.25,81.25,8,8,0,0.0375,0.1375,7,0,KEEN ONE,15,0,0,4,3,0,3,9,3,1,1,11,1,0,1,0,1,0,29,2,0,42.327558052392796,-70.88972816747423,44013,-70.651,42.346,15.699999809265137,10.830852990574499,5.5,20.200000762939453,10.166956904281944,2.9000000953674316,21.899999618530273,17.78310689330101,14,5.900000095367432,3.5046382110171947,1.899999976158142,2.366666634877523,-0.46666665871938084,1.900000023841858,-0.46666665871938084,-2.366666682561239
Byrnes,2014,Little Brewster,4,42.3286,-70.88817,7.3,46.25,21.25,83.75,83.75,11.5,11.5,0.0875,0.0125,0.15,1,0,KEEN ONE,16,0,0,5,5,0,3,8,3,0,1,10,1,0,2,0,1,0,29,0,0,42.327558052392796,-70.88972816747423,44013,-70.651,42.346,15.699999809265137,10.830852990574499,5.5,20.200000762939453,10.166956904281944,2.9000000953674316,21.899999618530273,17.78310689330101,14,5.900000095367432,3.5046382110171947,1.899999976158142,2.366666634877523,-0.46666665871938084,1.900000023841858,-0.46666665871938084,-2.366666682561239
Byrnes,2014,NE Appledore,Devil's Dance Floor,42.99306904,-70.613883985,11.1,93.75,6.25,0,1.25,1.5,2.5,0.25,0.0375,0.1375,2,38,KEEN ONE,25,1,1,6,2,0,4,14,5,1,2,19,0,0,3,0,3,2,49,4,1,42.99178786232498,-70.6116499885015,44030,-70.428,43.181,15.300000190734863,10.660117967808095,6.099999904632568,18.100000381469727,9.335313371679735,2.5,21.399999618530273,17.1134545508298,12.199999809265137,6.400000095367432,3.559962666596534,2.200000047683716,2.633333365122477,-0.43333331743876125,1.900000023841858,-0.43333331743876125,-2.3333333412806194
Byrnes,2014,NE Appledore,Devil's Dance Floor,42.99306904,-70.613883985,11.1,93.75,6.25,8.75,8.75,1.5,2.5,0.25,0.0375,0.1375,2,38,KEEN ONE,25,1,1,6,2,0,4,14,5,1,2,19,0,0,3,0,3,2,49,4,1,42.99178786232498,-70.6116499885015,44030,-70.428,43.181,15.300000190734863,10.660117967808095,6.099999904632568,18.100000381469727,9.335313371679735,2.5,21.399999618530273,17.1134545508298,12.199999809265137,6.400000095367432,3.559962666596534,2.200000047683716,2.633333365122477,-0.43333331743876125,1.900000023841858,-0.43333331743876125,-2.3333333412806194
Byrnes,2014,NE Appledore,Broadway and 42nd,42.992762011,-70.611665966,10.8,95,0,0,3.75,0.5,1.8333333333333333,0.05,0.0125,0.1,,,KEEN ONE,23,0,1,7,2,0,5,13,3,0,0,16,0,0,3,0,3,1,42,3,1,42.99178786232498,-70.6116499885015,44030,-70.428,43.181,15.300000190734863,10.660117967808095,6.099999904632568,18.100000381469727,9.335313371679735,2.5,21.399999618530273,17.1134545508298,12.199999809265137,6.400000095367432,3.559962666596534,2.200000047683716,2.633333365122477,-0.43333331743876125,1.900000023841858,-0.43333331743876125,-2.3333333412806194
Byrnes,2014,NE Appledore,Broadway and 42nd,42.992762011,-70.611665966,10.8,95,0,2.5,2.5,0.5,1.8333333333333333,0.05,0.0125,0.1,,,KEEN ONE,23,0,1,7,2,0,5,13,3,0,0,16,0,0,3,0,3,1,42,3,1,42.99178786232498,-70.6116499885015,44030,-70.428,43.181,15.300000190734863,10.660117967808095,6.099999904632568,18.100000381469727,9.335313371679735,2.5,21.399999618530273,17.1134545508298,12.199999809265137,6.400000095367432,3.559962666596534,2.200000047683716,2.633333365122477,-0.43333331743876125,1.900000023841858,-0.43333331743876125,-2.3333333412806194
Byrnes,2014,NE Appledore,Norwegian Cove,42.990710959,-70.610730965,9.8,92.5,3.75,0,16.25,3.5,5,0.025,0,0.1375,0,24,KEEN ONE,27,0,2,7,2,0,5,16,5,0,0,13,0,0,4,0,3,0,45,0,1,42.99178786232498,-70.6116499885015,44030,-70.428,43.181,15.300000190734863,10.660117967808095,6.099999904632568,18.100000381469727,9.335313371679735,2.5,21.399999618530273,17.1134545508298,12.199999809265137,6.400000095367432,3.559962666596534,2.200000047683716,2.633333365122477,-0.43333331743876125,1.900000023841858,-0.43333331743876125,-2.3333333412806194
Byrnes,2014,NE Appledore,Norwegian Cove,42.990710959,-70.610730965,9.8,92.5,3.75,58.75,58.75,3.5,5,0.025,0,0.1375,0,24,KEEN ONE,27,0,2,7,2,0,5,16,5,0,0,13,0,0,4,0,3,0,45,0,1,42.99178786232498,-70.6116499885015,44030,-70.428,43.181,15.300000190734863,10.660117967808095,6.099999904632568,18.100000381469727,9.335313371679735,2.5,21.399999618530273,17.1134545508298,12.199999809265137,6.400000095367432,3.559962666596534,2.200000047683716,2.633333365122477,-0.43333331743876125,1.900000023841858,-0.43333331743876125,-2.3333333412806194
Byrnes,2014,NE Appledore,Broad Cove,42.989987014,-70.611166991,6,93.75,0,80,80,22.333333333333332,22.333333333333332,0.125,0.025,0.375,0,86,KEEN ONE,20,1,1,6,1,0,5,10,4,0,1,15,0,0,3,0,3,1,39,2,1,42.99178786232498,-70.6116499885015,44030,-70.428,43.181,15.300000190734863,10.660117967808095,6.099999904632568,18.100000381469727,9.335313371679735,2.5,21.399999618530273,17.1134545508298,12.199999809265137,6.400000095367432,3.559962666596534,2.200000047683716,2.633333365122477,-0.43333331743876125,1.900000023841858,-0.43333331743876125,-2.3333333412806194
Byrnes,2014,NW Appledore,North Head,42.993015982,-70.615435978,9.1,95,1.25,0,13.75,2,8.666666666666668,0.05,0.075,0.1125,,,KEEN ONE,23,1,1,7,0,0,3,13,4,1,0,13,0,0,3,0,3,1,40,2,1,42.991373808236354,-70.61754283273567,44030,-70.428,43.181,15.300000190734863,10.660117967808095,6.099999904632568,18.100000381469727,9.335313371679735,2.5,21.399999618530273,17.1134545508298,12.199999809265137,6.400000095367432,3.559962666596534,2.200000047683716,2.633333365122477,-0.43333331743876125,1.900000023841858,-0.43333331743876125,-2.3333333412806194
Byrnes,2014,NW Appledore,North Head,42.993015982,-70.615435978,9.1,95,1.25,11.25,11.25,2,8.666666666666668,0.05,0.075,0.1125,,,KEEN ONE,23,1,1,7,0,0,3,13,4,1,0,13,0,0,3,0,3,1,40,2,1,42.991373808236354,-70.61754283273567,44030,-70.428,43.181,15.300000190734863,10.660117967808095,6.099999904632568,18.100000381469727,9.335313371679735,2.5,21.399999618530273,17.1134545508298,12.199999809265137,6.400000095367432,3.559962666596534,2.200000047683716,2.633333365122477,-0.43333331743876125,1.900000023841858,-0.43333331743876125,-2.3333333412806194
Byrnes,2014,NW Appledore,Magic 8 Ball,42.991409004,-70.617746031,6.3,65,5,26.25,26.25,3.6666666666666665,3.833333333333333,0.025,0.0625,0.275,92,0,KEEN ONE,18,0,1,6,1,0,5,9,4,2,0,14,0,0,3,0,3,0,36,1,1,42.991373808236354,-70.61754283273567,44030,-70.428,43.181,15.300000190734863,10.660117967808095,6.099999904632568,18.100000381469727,9.335313371679735,2.5,21.399999618530273,17.1134545508298,12.199999809265137,6.400000095367432,3.559962666596534,2.200000047683716,2.633333365122477,-0.43333331743876125,1.900000023841858,-0.43333331743876125,-2.3333333412806194
Byrnes,2014,NW Appledore,Larus Ledge,42.991161989,-70.618240982,11.4,77.5,1.25,1.25,1.25,1.8333333333333333,2.5,0.0625,0.0125,0.275,10,0,KEEN ONE,19,0,1,7,1,0,4,10,4,1,0,14,0,0,2,0,3,0,37,3,1,42.991373808236354,-70.61754283273567,44030,-70.428,43.181,15.300000190734863,10.660117967808095,6.099999904632568,18.100000381469727,9.335313371679735,2.5,21.399999618530273,17.1134545508298,12.199999809265137,6.400000095367432,3.559962666596534,2.200000047683716,2.633333365122477,-0.43333331743876125,1.900000023841858,-0.43333331743876125,-2.3333333412806194
Byrnes,2014,NW Appledore,Sandpiper Beach,42.99012,-70.617828,9.4,96.25,0,3.75,3.75,2.6666666666666665,2.6666666666666665,0.0375,0.0375,0.225,3,2,KEEN ONE,17,0,1,7,3,0,4,7,4,1,0,16,0,0,3,1,3,0,37,2,1,42.991373808236354,-70.61754283273567,44030,-70.428,43.181,15.300000190734863,10.660117967808095,6.099999904632568,18.100000381469727,9.335313371679735,2.5,21.399999618530273,17.1134545508298,12.199999809265137,6.400000095367432,3.559962666596534,2.200000047683716,2.633333365122477,-0.43333331743876125,1.900000023841858,-0.43333331743876125,-2.3333333412806194
Byrnes,2014,SW Appledore,South Smith's Cove,42.984478008,-70.618435023,8.4,71.25,0,1.25,1.25,0.3333333333333333,0.6666666666666666,0.0625,0.125,0.2,0,70,KEEN ONE,12,0,1,5,0,0,3,4,5,1,0,12,0,0,3,1,2,1,29,2,1,42.985201695402026,-70.6190923516288,44030,-70.428,43.181,15.300000190734863,10.660117967808095,6.099999904632568,18.100000381469727,9.335313371679735,2.5,21.399999618530273,17.1134545508298,12.199999809265137,6.400000095367432,3.559962666596534,2.200000047683716,2.633333365122477,-0.43333331743876125,1.900000023841858,-0.43333331743876125,-2.3333333412806194
Byrnes,2014,SW Appledore,North Smith's Cove,42.984961979,-70.618916983,9.1,27.5,6.25,23.75,23.75,6.666666666666667,7.166666666666667,0.0875,0.0625,0.2625,7,5,KEEN ONE,16,0,0,8,1,0,3,6,5,1,1,9,0,0,1,1,1,0,30,1,1,42.985201695402026,-70.6190923516288,44030,-70.428,43.181,15.300000190734863,10.660117967808095,6.099999904632568,18.100000381469727,9.335313371679735,2.5,21.399999618530273,17.1134545508298,12.199999809265137,6.400000095367432,3.559962666596534,2.200000047683716,2.633333365122477,-0.43333331743876125,1.900000023841858,-0.43333331743876125,-2.3333333412806194
Byrnes,2014,SW Appledore,South Pepperrell,42.985265991,-70.619861037,10.3,86.25,0,5,5,0.16666666666666666,0.16666666666666666,0.0375,0.0375,0.0875,0,0,KEEN ONE,16,0,1,4,1,0,4,7,3,2,1,16,0,0,4,0,3,1,35,3,1,42.985201695402026,-70.6190923516288,44030,-70.428,43.181,15.300000190734863,10.660117967808095,6.099999904632568,18.100000381469727,9.335313371679735,2.5,21.399999618530273,17.1134545508298,12.199999809265137,6.400000095367432,3.559962666596534,2.200000047683716,2.633333365122477,-0.43333331743876125,1.900000023841858,-0.43333331743876125,-2.3333333412806194
Byrnes,2014,SW Appledore,North Pepperrell,42.986057997,-70.619525006,9.2,82.5,0,17.5,17.5,1.3333333333333333,1.3333333333333333,0.0375,0.025,0.2,12,0,KEEN ONE,14,0,1,6,1,0,5,4,4,1,1,11,0,0,3,0,1,1,29,0,1,42.985201695402026,-70.6190923516288,44030,-70.428,43.181,15.300000190734863,10.660117967808095,6.099999904632568,18.100000381469727,9.335313371679735,2.5,21.399999618530273,17.1134545508298,12.199999809265137,6.400000095367432,3.559962666596534,2.200000047683716,2.633333365122477,-0.43333331743876125,1.900000023841858,-0.43333331743876125,-2.3333333412806194
Byrnes,2015,Baker North,1,42.53807,-70.78659,7.1,95,18.75,86.25,86.25,13.333333333333334,14.333333333333334,0.1,0.0125,0.15,70,0,KEEN ONE,21,0,2,6,1,0,4,11,3,1,0,12,0,0,4,0,3,1,36,0,0,42.536851666666664,-70.78398,44029,-70.566,42.523,17.299999237060547,11.517481533803624,7.099999904632568,16.799999237060547,9.20781176140729,2.799999952316284,22.799999237060547,18.739201442299652,14.100000381469727,7.800000190734863,3.814498137835012,0.800000011920929,1.6666666865348816,-0.8666666746139526,1.5799999833106995,-0.8666666746139526,-2.446666657924652
Byrnes,2015,Baker North,2,42.53787,-70.78437,11,46.25,10,0,10,7,9.166666666666666,0.1375,0.0125,0.15,54,0,KEEN ONE,23,0,1,6,1,0,4,11,5,1,0,11,0,0,6,0,3,0,39,1,0,42.536851666666664,-70.78398,44029,-70.566,42.523,17.299999237060547,11.517481533803624,7.099999904632568,16.799999237060547,9.20781176140729,2.799999952316284,22.799999237060547,18.739201442299652,14.100000381469727,7.800000190734863,3.814498137835012,0.800000011920929,1.6666666865348816,-0.8666666746139526,1.5799999833106995,-0.8666666746139526,-2.446666657924652
Byrnes,2015,Baker North,2,42.53787,-70.78437,11,46.25,10,53.75,53.75,7,9.166666666666666,0.1375,0.0125,0.15,54,0,KEEN ONE,23,0,1,6,1,0,4,11,5,1,0,11,0,0,6,0,3,0,39,1,0,42.536851666666664,-70.78398,44029,-70.566,42.523,17.299999237060547,11.517481533803624,7.099999904632568,16.799999237060547,9.20781176140729,2.799999952316284,22.799999237060547,18.739201442299652,14.100000381469727,7.800000190734863,3.814498137835012,0.800000011920929,1.6666666865348816,-0.8666666746139526,1.5799999833106995,-0.8666666746139526,-2.446666657924652
Byrnes,2015,Baker North,3,42.53677,-70.78341,7,88.75,0,2.5,2.5,11.333333333333334,11.333333333333334,0.025,0.05,0.25,76,0,KEEN ONE,20,0,2,6,1,0,3,7,4,0,1,11,0,0,6,0,3,1,35,1,0,42.536851666666664,-70.78398,44029,-70.566,42.523,17.299999237060547,11.517481533803624,7.099999904632568,16.799999237060547,9.20781176140729,2.799999952316284,22.799999237060547,18.739201442299652,14.100000381469727,7.800000190734863,3.814498137835012,0.800000011920929,1.6666666865348816,-0.8666666746139526,1.5799999833106995,-0.8666666746139526,-2.446666657924652
Byrnes,2015,Baker North,4,42.53502,-70.78151,5.7,92.5,0,93.75,93.75,15,15,0.0125,0.025,0.125,28,0,KEEN ONE,20,0,1,6,3,0,4,7,3,1,0,14,1,0,7,0,3,0,37,1,0,42.536851666666664,-70.78398,44029,-70.566,42.523,17.299999237060547,11.517481533803624,7.099999904632568,16.799999237060547,9.20781176140729,2.799999952316284,22.799999237060547,18.739201442299652,14.100000381469727,7.800000190734863,3.814498137835012,0.800000011920929,1.6666666865348816,-0.8666666746139526,1.5799999833106995,-0.8666666746139526,-2.446666657924652
Byrnes,2015,Baker South,1,42.532470000000004,-70.78275,6.3,80,26.25,68.75,68.75,8.333333333333334,8.5,0.2,0,0.0875,3,0,KEEN ONE,23,0,0,7,1,0,3,11,3,1,0,10,0,0,5,0,3,1,36,1,0,42.53199481735073,-70.78398852193266,44029,-70.566,42.523,17.299999237060547,11.517481533803624,7.099999904632568,16.799999237060547,9.20781176140729,2.799999952316284,22.799999237060547,18.739201442299652,14.100000381469727,7.800000190734863,3.814498137835012,0.800000011920929,1.6666666865348816,-0.8666666746139526,1.5799999833106995,-0.8666666746139526,-2.446666657924652
Byrnes,2015,Baker South,2,42.53135,-70.78362,6.1,60,17.5,70,70,9,9,0.4125,0,0.075,35,0,KEEN ONE,21,0,2,7,1,0,3,11,3,2,0,12,0,0,3,0,3,0,36,1,0,42.53199481735073,-70.78398852193266,44029,-70.566,42.523,17.299999237060547,11.517481533803624,7.099999904632568,16.799999237060547,9.20781176140729,2.799999952316284,22.799999237060547,18.739201442299652,14.100000381469727,7.800000190734863,3.814498137835012,0.800000011920929,1.6666666865348816,-0.8666666746139526,1.5799999833106995,-0.8666666746139526,-2.446666657924652
Byrnes,2015,Baker South,3,42.5318388082087,-70.784320263192,9.3,61.25,20,58.75,58.75,11.666666666666666,11.666666666666666,0.1625,0,0.175,27,0,KEEN ONE,25,0,1,7,1,0,4,12,3,1,1,11,0,0,5,0,3,0,39,1,0,42.53199481735073,-70.78398852193266,44029,-70.566,42.523,17.299999237060547,11.517481533803624,7.099999904632568,16.799999237060547,9.20781176140729,2.799999952316284,22.799999237060547,18.739201442299652,14.100000381469727,7.800000190734863,3.814498137835012,0.800000011920929,1.6666666865348816,-0.8666666746139526,1.5799999833106995,-0.8666666746139526,-2.446666657924652
Byrnes,2015,Baker South,4,42.535017,-70.781513,6.9,82.5,18.75,83.75,83.75,18.166666666666668,18.333333333333336,0.25,0,0.2875,35,2,KEEN ONE,24,0,0,7,1,0,4,13,4,1,0,11,0,0,4,0,3,0,39,2,0,42.53199481735073,-70.78398852193266,44029,-70.566,42.523,17.299999237060547,11.517481533803624,7.099999904632568,16.799999237060547,9.20781176140729,2.799999952316284,22.799999237060547,18.739201442299652,14.100000381469727,7.800000190734863,3.814498137835012,0.800000011920929,1.6666666865348816,-0.8666666746139526,1.5799999833106995,-0.8666666746139526,-2.446666657924652
Byrnes,2015,Calf Island,1,42.3452899977564,-70.8930599503219,6.9,87.5,7.5,0,16.25,4.833333333333333,6.333333333333333,0.2,0,0.1875,23,0,KEEN ONE,27,0,0,8,5,0,3,14,3,2,1,14,0,0,4,0,3,0,44,1,0,42.343203302748385,-70.8927884440005,44013,-70.651,42.346,17.100000381469727,11.327586204300342,8.399999618530273,19.799999237060547,9.571631526859608,2.299999952316284,23.200000762939453,19.492517000747647,14.300000190734863,6.599999904632568,3.718839903497364,1.399999976158142,2.366666634877523,-0.9666666587193808,1.5799999833106995,-0.9666666587193808,-2.5466666420300803
Byrnes,2015,Calf Island,1,42.3452899977564,-70.8930599503219,6.9,87.5,7.5,58.75,58.75,4.833333333333333,6.333333333333333,0.2,0,0.1875,23,0,KEEN ONE,27,0,0,8,5,0,3,14,3,2,1,14,0,0,4,0,3,0,44,1,0,42.343203302748385,-70.8927884440005,44013,-70.651,42.346,17.100000381469727,11.327586204300342,8.399999618530273,19.799999237060547,9.571631526859608,2.299999952316284,23.200000762939453,19.492517000747647,14.300000190734863,6.599999904632568,3.718839903497364,1.399999976158142,2.366666634877523,-0.9666666587193808,1.5799999833106995,-0.9666666587193808,-2.5466666420300803
Byrnes,2015,Calf Island,2,42.3442627117037,-70.8932904526591,8,63.75,10,0,2.5,3.1666666666666665,3.1666666666666665,0.175,0.0125,0.075,22,0,KEEN ONE,25,0,0,8,1,0,4,11,3,2,1,11,1,0,5,0,3,0,39,0,0,42.343203302748385,-70.8927884440005,44013,-70.651,42.346,17.100000381469727,11.327586204300342,8.399999618530273,19.799999237060547,9.571631526859608,2.299999952316284,23.200000762939453,19.492517000747647,14.300000190734863,6.599999904632568,3.718839903497364,1.399999976158142,2.366666634877523,-0.9666666587193808,1.5799999833106995,-0.9666666587193808,-2.5466666420300803
Byrnes,2015,Calf Island,2,42.3442627117037,-70.8932904526591,8,63.75,10,48.75,48.75,3.1666666666666665,3.1666666666666665,0.175,0.0125,0.075,22,0,KEEN ONE,25,0,0,8,1,0,4,11,3,2,1,11,1,0,5,0,3,0,39,0,0,42.343203302748385,-70.8927884440005,44013,-70.651,42.346,17.100000381469727,11.327586204300342,8.399999618530273,19.799999237060547,9.571631526859608,2.299999952316284,23.200000762939453,19.492517000747647,14.300000190734863,6.599999904632568,3.718839903497364,1.399999976158142,2.366666634877523,-0.9666666587193808,1.5799999833106995,-0.9666666587193808,-2.5466666420300803
Byrnes,2015,Calf Island,3,42.3424299247562,-70.8929499797523,7,85,15,0,16.25,9.166666666666666,11.666666666666666,0.15,0.025,0.3,81,0,KEEN ONE,22,0,0,8,4,0,4,8,4,2,1,15,0,0,5,0,3,0,41,2,0,42.343203302748385,-70.8927884440005,44013,-70.651,42.346,17.100000381469727,11.327586204300342,8.399999618530273,19.799999237060547,9.571631526859608,2.299999952316284,23.200000762939453,19.492517000747647,14.300000190734863,6.599999904632568,3.718839903497364,1.399999976158142,2.366666634877523,-0.9666666587193808,1.5799999833106995,-0.9666666587193808,-2.5466666420300803
Byrnes,2015,Calf Island,3,42.3424299247562,-70.8929499797523,7,85,15,58.75,58.75,9.166666666666666,11.666666666666666,0.15,0.025,0.3,81,0,KEEN ONE,22,0,0,8,4,0,4,8,4,2,1,15,0,0,5,0,3,0,41,2,0,42.343203302748385,-70.8927884440005,44013,-70.651,42.346,17.100000381469727,11.327586204300342,8.399999618530273,19.799999237060547,9.571631526859608,2.299999952316284,23.200000762939453,19.492517000747647,14.300000190734863,6.599999904632568,3.718839903497364,1.399999976158142,2.366666634877523,-0.9666666587193808,1.5799999833106995,-0.9666666587193808,-2.5466666420300803
Byrnes,2015,Calf Island,4,42.3405299987643,-70.8936199452728,8.1,73.75,7.5,0,3.75,8.666666666666666,9.166666666666666,0.1,0.0625,0.2,35,0,KEEN ONE,23,0,1,7,1,0,4,11,4,2,1,12,0,0,4,0,3,0,39,1,0,42.343203302748385,-70.8927884440005,44013,-70.651,42.346,17.100000381469727,11.327586204300342,8.399999618530273,19.799999237060547,9.571631526859608,2.299999952316284,23.200000762939453,19.492517000747647,14.300000190734863,6.599999904632568,3.718839903497364,1.399999976158142,2.366666634877523,-0.9666666587193808,1.5799999833106995,-0.9666666587193808,-2.5466666420300803
Byrnes,2015,Calf Island,4,42.3405299987643,-70.8936199452728,8.1,73.75,7.5,0,1.25,8.666666666666666,9.166666666666666,0.1,0.0625,0.2,35,0,KEEN ONE,23,0,1,7,1,0,4,11,4,2,1,12,0,0,4,0,3,0,39,1,0,42.343203302748385,-70.8927884440005,44013,-70.651,42.346,17.100000381469727,11.327586204300342,8.399999618530273,19.799999237060547,9.571631526859608,2.299999952316284,23.200000762939453,19.492517000747647,14.300000190734863,6.599999904632568,3.718839903497364,1.399999976158142,2.366666634877523,-0.9666666587193808,1.5799999833106995,-0.9666666587193808,-2.5466666420300803
Byrnes,2015,Calf Island,4,42.3405299987643,-70.8936199452728,8.1,73.75,7.5,30,30,8.666666666666666,9.166666666666666,0.1,0.0625,0.2,35,0,KEEN ONE,23,0,1,7,1,0,4,11,4,2,1,12,0,0,4,0,3,0,39,1,0,42.343203302748385,-70.8927884440005,44013,-70.651,42.346,17.100000381469727,11.327586204300342,8.399999618530273,19.799999237060547,9.571631526859608,2.299999952316284,23.200000762939453,19.492517000747647,14.300000190734863,6.599999904632568,3.718839903497364,1.399999976158142,2.366666634877523,-0.9666666587193808,1.5799999833106995,-0.9666666587193808,-2.5466666420300803
Byrnes,2015,Little Brewster,1,42.3272208776325,-70.8915652055293,6.7,61.25,5,0,2.5,6.166666666666667,6.166666666666667,0.4125,0.0125,0.225,2,0,KEEN ONE,22,1,0,9,2,0,3,9,4,1,1,15,2,0,3,0,3,1,41,2,0,42.327558052392796,-70.88972816747423,44013,-70.651,42.346,17.100000381469727,11.327586204300342,8.399999618530273,19.799999237060547,9.571631526859608,2.299999952316284,23.200000762939453,19.492517000747647,14.300000190734863,6.599999904632568,3.718839903497364,1.399999976158142,2.366666634877523,-0.9666666587193808,1.5799999833106995,-0.9666666587193808,-2.5466666420300803
Byrnes,2015,Little Brewster,1,42.3272208776325,-70.8915652055293,6.7,61.25,5,20,20,6.166666666666667,6.166666666666667,0.4125,0.0125,0.225,2,0,KEEN ONE,22,1,0,9,2,0,3,9,4,1,1,15,2,0,3,0,3,1,41,2,0,42.327558052392796,-70.88972816747423,44013,-70.651,42.346,17.100000381469727,11.327586204300342,8.399999618530273,19.799999237060547,9.571631526859608,2.299999952316284,23.200000762939453,19.492517000747647,14.300000190734863,6.599999904632568,3.718839903497364,1.399999976158142,2.366666634877523,-0.9666666587193808,1.5799999833106995,-0.9666666587193808,-2.5466666420300803
Byrnes,2015,Little Brewster,2,42.3270465340465,-70.8908638916909,5.8,95,25,61.25,61.25,6,6.5,0.1125,0.0375,0.25,8,0,KEEN ONE,20,0,1,7,1,0,3,9,4,0,0,14,3,0,4,0,3,1,38,2,0,42.327558052392796,-70.88972816747423,44013,-70.651,42.346,17.100000381469727,11.327586204300342,8.399999618530273,19.799999237060547,9.571631526859608,2.299999952316284,23.200000762939453,19.492517000747647,14.300000190734863,6.599999904632568,3.718839903497364,1.399999976158142,2.366666634877523,-0.9666666587193808,1.5799999833106995,-0.9666666587193808,-2.5466666420300803
Byrnes,2015,Little Brewster,3,42.3273499589413,-70.8897599950432,8.7,78.75,18.75,0,2.5,10.5,10.5,0.275,0,0.1,42,0,KEEN ONE,24,0,1,8,4,0,3,10,3,1,0,15,2,0,6,0,3,0,42,1,0,42.327558052392796,-70.88972816747423,44013,-70.651,42.346,17.100000381469727,11.327586204300342,8.399999618530273,19.799999237060547,9.571631526859608,2.299999952316284,23.200000762939453,19.492517000747647,14.300000190734863,6.599999904632568,3.718839903497364,1.399999976158142,2.366666634877523,-0.9666666587193808,1.5799999833106995,-0.9666666587193808,-2.5466666420300803
Byrnes,2015,Little Brewster,3,42.3273499589413,-70.8897599950432,8.7,78.75,18.75,43.75,43.75,10.5,10.5,0.275,0,0.1,42,0,KEEN ONE,24,0,1,8,4,0,3,10,3,1,0,15,2,0,6,0,3,0,42,1,0,42.327558052392796,-70.88972816747423,44013,-70.651,42.346,17.100000381469727,11.327586204300342,8.399999618530273,19.799999237060547,9.571631526859608,2.299999952316284,23.200000762939453,19.492517000747647,14.300000190734863,6.599999904632568,3.718839903497364,1.399999976158142,2.366666634877523,-0.9666666587193808,1.5799999833106995,-0.9666666587193808,-2.5466666420300803
Byrnes,2015,Little Brewster,4,42.3278042580932,-70.8887399174273,6.1,90,3.75,0,5,4.5,4.833333333333333,0.1375,0,0.075,5,0,KEEN ONE,26,0,0,8,4,0,3,13,3,2,2,18,2,0,3,1,3,1,47,2,0,42.327558052392796,-70.88972816747423,44013,-70.651,42.346,17.100000381469727,11.327586204300342,8.399999618530273,19.799999237060547,9.571631526859608,2.299999952316284,23.200000762939453,19.492517000747647,14.300000190734863,6.599999904632568,3.718839903497364,1.399999976158142,2.366666634877523,-0.9666666587193808,1.5799999833106995,-0.9666666587193808,-2.5466666420300803
Byrnes,2015,Little Brewster,4,42.3278042580932,-70.8887399174273,6.1,90,3.75,0,1.25,4.5,4.833333333333333,0.1375,0,0.075,5,0,KEEN ONE,26,0,0,8,4,0,3,13,3,2,2,18,2,0,3,1,3,1,47,2,0,42.327558052392796,-70.88972816747423,44013,-70.651,42.346,17.100000381469727,11.327586204300342,8.399999618530273,19.799999237060547,9.571631526859608,2.299999952316284,23.200000762939453,19.492517000747647,14.300000190734863,6.599999904632568,3.718839903497364,1.399999976158142,2.366666634877523,-0.9666666587193808,1.5799999833106995,-0.9666666587193808,-2.5466666420300803
Byrnes,2015,Little Brewster,4,42.3278042580932,-70.8887399174273,6.1,90,3.75,21.25,21.25,4.5,4.833333333333333,0.1375,0,0.075,5,0,KEEN ONE,26,0,0,8,4,0,3,13,3,2,2,18,2,0,3,1,3,1,47,2,0,42.327558052392796,-70.88972816747423,44013,-70.651,42.346,17.100000381469727,11.327586204300342,8.399999618530273,19.799999237060547,9.571631526859608,2.299999952316284,23.200000762939453,19.492517000747647,14.300000190734863,6.599999904632568,3.718839903497364,1.399999976158142,2.366666634877523,-0.9666666587193808,1.5799999833106995,-0.9666666587193808,-2.5466666420300803
Byrnes,2015,NE Appledore,Broadway and 42nd,42.992189945653,-70.6110799871385,8.7,96.25,0,0,13.75,3.1666666666666665,7,0.025,0.0125,0.1625,16,0,KEEN ONE,24,1,0,9,3,0,3,11,4,2,0,16,0,0,4,0,3,1,44,2,1,42.99178786232498,-70.6116499885015,44030,-70.428,43.181,15.5,10.647958254641066,7.800000190734863,17.299999237060547,8.699305231894758,2.5,22,17.96308602101704,13.199999809265137,8,4.10625868966638,1.7000000476837158,2.633333365122477,-0.9333333174387612,1.5799999833106995,-0.9333333174387612,-2.5133333007494607
Byrnes,2015,NE Appledore,Broadway and 42nd,42.992189945653,-70.6110799871385,8.7,96.25,0,27.5,27.5,3.1666666666666665,7,0.025,0.0125,0.1625,16,0,KEEN ONE,24,1,0,9,3,0,3,11,4,2,0,16,0,0,4,0,3,1,44,2,1,42.99178786232498,-70.6116499885015,44030,-70.428,43.181,15.5,10.647958254641066,7.800000190734863,17.299999237060547,8.699305231894758,2.5,22,17.96308602101704,13.199999809265137,8,4.10625868966638,1.7000000476837158,2.633333365122477,-0.9333333174387612,1.5799999833106995,-0.9333333174387612,-2.5133333007494607
Byrnes,2015,NE Appledore,Broad Cove,42.9898099880665,-70.6109499838203,7.7,98.75,0,26.25,26.25,7.666666666666667,7.833333333333334,0.0375,0.0125,0.15,1,17,KEEN ONE,20,0,1,7,1,0,3,8,5,2,0,14,0,0,5,0,3,0,39,3,1,42.99178786232498,-70.6116499885015,44030,-70.428,43.181,15.5,10.647958254641066,7.800000190734863,17.299999237060547,8.699305231894758,2.5,22,17.96308602101704,13.199999809265137,8,4.10625868966638,1.7000000476837158,2.633333365122477,-0.9333333174387612,1.5799999833106995,-0.9333333174387612,-2.5133333007494607
Byrnes,2015,NE Appledore,Devil's Dance Floor,42.9927154071629,-70.6134819891303,8.5,93.75,8.75,0,2.5,11.666666666666666,11.666666666666666,0.1125,0.0125,0.1125,77,24,KEEN ONE,27,0,0,10,2,0,3,9,4,2,3,13,0,0,5,0,3,0,44,2,1,42.99178786232498,-70.6116499885015,44030,-70.428,43.181,15.5,10.647958254641066,7.800000190734863,17.299999237060547,8.699305231894758,2.5,22,17.96308602101704,13.199999809265137,8,4.10625868966638,1.7000000476837158,2.633333365122477,-0.9333333174387612,1.5799999833106995,-0.9333333174387612,-2.5133333007494607
Byrnes,2015,NE Appledore,Devil's Dance Floor,42.9927154071629,-70.6134819891303,8.5,93.75,8.75,55,55,11.666666666666666,11.666666666666666,0.1125,0.0125,0.1125,77,24,KEEN ONE,27,0,0,10,2,0,3,9,4,2,3,13,0,0,5,0,3,0,44,2,1,42.99178786232498,-70.6116499885015,44030,-70.428,43.181,15.5,10.647958254641066,7.800000190734863,17.299999237060547,8.699305231894758,2.5,22,17.96308602101704,13.199999809265137,8,4.10625868966638,1.7000000476837158,2.633333365122477,-0.9333333174387612,1.5799999833106995,-0.9333333174387612,-2.5133333007494607
Byrnes,2015,NE Appledore,Norwegian Cove,42.9903699830174,-70.6108799949288,10.2,92.5,0,0,5,7.333333333333333,8.666666666666666,0.0875,0.025,0.1875,21,9,KEEN ONE,26,1,1,7,2,0,3,12,5,2,1,15,0,0,6,0,3,0,46,2,1,42.99178786232498,-70.6116499885015,44030,-70.428,43.181,15.5,10.647958254641066,7.800000190734863,17.299999237060547,8.699305231894758,2.5,22,17.96308602101704,13.199999809265137,8,4.10625868966638,1.7000000476837158,2.633333365122477,-0.9333333174387612,1.5799999833106995,-0.9333333174387612,-2.5133333007494607
Byrnes,2015,NE Appledore,Norwegian Cove,42.9903699830174,-70.6108799949288,10.2,92.5,0,62.5,62.5,7.333333333333333,8.666666666666666,0.0875,0.025,0.1875,21,9,KEEN ONE,26,1,1,7,2,0,3,12,5,2,1,15,0,0,6,0,3,0,46,2,1,42.99178786232498,-70.6116499885015,44030,-70.428,43.181,15.5,10.647958254641066,7.800000190734863,17.299999237060547,8.699305231894758,2.5,22,17.96308602101704,13.199999809265137,8,4.10625868966638,1.7000000476837158,2.633333365122477,-0.9333333174387612,1.5799999833106995,-0.9333333174387612,-2.5133333007494607
Byrnes,2015,NW Appledore,Sandpiper Beach,42.9902022611349,-70.618576426059,9.1,97.5,0,20,20,3.3333333333333335,3.3333333333333335,0.125,0.0875,0.1625,1,12,KEEN ONE,16,0,0,6,1,0,3,5,4,2,0,14,1,0,5,0,3,1,34,2,1,42.991373808236354,-70.61754283273567,44030,-70.428,43.181,15.5,10.647958254641066,7.800000190734863,17.299999237060547,8.699305231894758,2.5,22,17.96308602101704,13.199999809265137,8,4.10625868966638,1.7000000476837158,2.633333365122477,-0.9333333174387612,1.5799999833106995,-0.9333333174387612,-2.5133333007494607
Byrnes,2015,NW Appledore,North Head,42.9929039161652,-70.6156041193753,10.1,98.75,0,0,6.25,2,3.5,0.1125,0.05,0.1375,5,14,KEEN ONE,22,0,1,8,3,0,3,8,4,3,0,16,0,0,6,0,3,0,42,2,1,42.991373808236354,-70.61754283273567,44030,-70.428,43.181,15.5,10.647958254641066,7.800000190734863,17.299999237060547,8.699305231894758,2.5,22,17.96308602101704,13.199999809265137,8,4.10625868966638,1.7000000476837158,2.633333365122477,-0.9333333174387612,1.5799999833106995,-0.9333333174387612,-2.5133333007494607
Byrnes,2015,NW Appledore,North Head,42.9929039161652,-70.6156041193753,10.1,98.75,0,23.75,23.75,2,3.5,0.1125,0.05,0.1375,5,14,KEEN ONE,22,0,1,8,3,0,3,8,4,3,0,16,0,0,6,0,3,0,42,2,1,42.991373808236354,-70.61754283273567,44030,-70.428,43.181,15.5,10.647958254641066,7.800000190734863,17.299999237060547,8.699305231894758,2.5,22,17.96308602101704,13.199999809265137,8,4.10625868966638,1.7000000476837158,2.633333365122477,-0.9333333174387612,1.5799999833106995,-0.9333333174387612,-2.5133333007494607
Byrnes,2015,NW Appledore,Magic 8 Ball,42.991222590208,-70.6181925348937,8.5,87.5,1.25,0,6.25,6,7.166666666666667,0.025,0,0.125,7,1,KEEN ONE,15,0,1,6,0,0,3,5,4,0,0,12,1,0,4,0,3,2,31,1,1,42.991373808236354,-70.61754283273567,44030,-70.428,43.181,15.5,10.647958254641066,7.800000190734863,17.299999237060547,8.699305231894758,2.5,22,17.96308602101704,13.199999809265137,8,4.10625868966638,1.7000000476837158,2.633333365122477,-0.9333333174387612,1.5799999833106995,-0.9333333174387612,-2.5133333007494607
Byrnes,2015,NW Appledore,Magic 8 Ball,42.991222590208,-70.6181925348937,8.5,87.5,1.25,26.25,26.25,6,7.166666666666667,0.025,0,0.125,7,1,KEEN ONE,15,0,1,6,0,0,3,5,4,0,0,12,1,0,4,0,3,2,31,1,1,42.991373808236354,-70.61754283273567,44030,-70.428,43.181,15.5,10.647958254641066,7.800000190734863,17.299999237060547,8.699305231894758,2.5,22,17.96308602101704,13.199999809265137,8,4.10625868966638,1.7000000476837158,2.633333365122477,-0.9333333174387612,1.5799999833106995,-0.9333333174387612,-2.5133333007494607
Byrnes,2015,NW Appledore,Larus Ledge,42.9908399563282,-70.6183599215,10.3,78.75,1.25,0,12.5,1.5,3.5,0.075,0.0375,0.2375,11,1,KEEN ONE,19,0,1,7,1,0,3,7,4,1,0,12,0,0,5,0,3,0,35,2,1,42.991373808236354,-70.61754283273567,44030,-70.428,43.181,15.5,10.647958254641066,7.800000190734863,17.299999237060547,8.699305231894758,2.5,22,17.96308602101704,13.199999809265137,8,4.10625868966638,1.7000000476837158,2.633333365122477,-0.9333333174387612,1.5799999833106995,-0.9333333174387612,-2.5133333007494607
Byrnes,2015,NW Appledore,Larus Ledge,42.9908399563282,-70.6183599215,10.3,78.75,1.25,28.75,28.75,1.5,3.5,0.075,0.0375,0.2375,11,1,KEEN ONE,19,0,1,7,1,0,3,7,4,1,0,12,0,0,5,0,3,0,35,2,1,42.991373808236354,-70.61754283273567,44030,-70.428,43.181,15.5,10.647958254641066,7.800000190734863,17.299999237060547,8.699305231894758,2.5,22,17.96308602101704,13.199999809265137,8,4.10625868966638,1.7000000476837158,2.633333365122477,-0.9333333174387612,1.5799999833106995,-0.9333333174387612,-2.5133333007494607
Byrnes,2015,SW Appledore,North Smith's Cove,42.9850580357015,-70.6188271287828,4.5,81.25,0,5,5,0.3333333333333333,0.3333333333333333,0.175,0,0.075,1,0,KEEN ONE,17,0,1,8,2,0,4,3,3,1,1,15,0,0,5,0,3,0,35,3,1,42.985201695402026,-70.6190923516288,44030,-70.428,43.181,15.5,10.647958254641066,7.800000190734863,17.299999237060547,8.699305231894758,2.5,22,17.96308602101704,13.199999809265137,8,4.10625868966638,1.7000000476837158,2.633333365122477,-0.9333333174387612,1.5799999833106995,-0.9333333174387612,-2.5133333007494607
Byrnes,2015,SW Appledore,South Smith's Cove,42.9842899180948,-70.618179962039,6.8,72.5,0,17.5,17.5,0.5,0.6666666666666666,0.1875,0.1,0.175,,,KEEN ONE,14,0,0,7,1,0,4,3,2,1,1,11,0,0,3,0,3,0,27,1,1,42.985201695402026,-70.6190923516288,44030,-70.428,43.181,15.5,10.647958254641066,7.800000190734863,17.299999237060547,8.699305231894758,2.5,22,17.96308602101704,13.199999809265137,8,4.10625868966638,1.7000000476837158,2.633333365122477,-0.9333333174387612,1.5799999833106995,-0.9333333174387612,-2.5133333007494607
Byrnes,2015,SW Appledore,North Pepperrell,42.9859418235719,-70.6199330370873,10.4,71.25,0,0,2.5,3,3.3333333333333335,0.05,0.0125,0.2,3,0,KEEN ONE,14,0,0,6,0,0,4,3,3,2,0,11,0,0,5,0,3,0,28,1,1,42.985201695402026,-70.6190923516288,44030,-70.428,43.181,15.5,10.647958254641066,7.800000190734863,17.299999237060547,8.699305231894758,2.5,22,17.96308602101704,13.199999809265137,8,4.10625868966638,1.7000000476837158,2.633333365122477,-0.9333333174387612,1.5799999833106995,-0.9333333174387612,-2.5133333007494607
Byrnes,2015,SW Appledore,North Pepperrell,42.9859418235719,-70.6199330370873,10.4,71.25,0,12.5,12.5,3,3.3333333333333335,0.05,0.0125,0.2,3,0,KEEN ONE,14,0,0,6,0,0,4,3,3,2,0,11,0,0,5,0,3,0,28,1,1,42.985201695402026,-70.6190923516288,44030,-70.428,43.181,15.5,10.647958254641066,7.800000190734863,17.299999237060547,8.699305231894758,2.5,22,17.96308602101704,13.199999809265137,8,4.10625868966638,1.7000000476837158,2.633333365122477,-0.9333333174387612,1.5799999833106995,-0.9333333174387612,-2.5133333007494607
Byrnes,2015,SW Appledore,South Pepperrell,,,7.6,78.75,0,23.75,23.75,1.5,1.5,0.0625,0.075,0.1375,,,KEEN ONE,14,0,0,7,1,0,3,3,3,2,0,12,1,0,4,0,3,0,29,1,1,42.985201695402026,-70.6190923516288,44030,-70.428,43.181,15.5,10.647958254641066,7.800000190734863,17.299999237060547,8.699305231894758,2.5,22,17.96308602101704,13.199999809265137,8,4.10625868966638,1.7000000476837158,2.633333365122477,-0.9333333174387612,1.5799999833106995,-0.9333333174387612,-2.5133333007494607
Byrnes,2016,Baker North,1,42.53749,-70.78549,8.2,87.5,0,55,55,9.5,9.5,0.075,0,0.1125,61,0,KEEN ONE,19,0,0,6,3,0,3,9,3,1,0,12,0,0,4,0,3,0,34,2,0,42.536851666666664,-70.78398,44029,-70.566,42.523,17,11.784579668829068,7.300000190734863,18.399999618530273,10.492042322825595,4.599999904632568,24,18.884296768407253,15.399999618530273,8.300000190734863,5.687500007312094,3.700000047683716,1.6666666865348816,2.0333333611488342,3.675000011920929,2.0333333611488342,-1.6416666507720947
Byrnes,2016,Baker North,2,42.53773,-70.78626,5.7,98.75,0,23.75,23.75,5.166666666666667,5.166666666666667,0.0375,0,0.1125,30,0,KEEN ONE,13,0,1,6,4,0,3,5,3,1,0,14,0,0,2,0,3,0,30,2,0,42.536851666666664,-70.78398,44029,-70.566,42.523,17,11.784579668829068,7.300000190734863,18.399999618530273,10.492042322825595,4.599999904632568,24,18.884296768407253,15.399999618530273,8.300000190734863,5.687500007312094,3.700000047683716,1.6666666865348816,2.0333333611488342,3.675000011920929,2.0333333611488342,-1.6416666507720947
Byrnes,2016,Baker North,3,42.53625,-70.78327,6.7,97.5,5,8.75,8.75,1,1,0.0875,0.05,0.1125,,,KEEN ONE,15,1,0,6,2,0,3,6,2,1,0,12,0,0,3,0,3,0,29,2,0,42.536851666666664,-70.78398,44029,-70.566,42.523,17,11.784579668829068,7.300000190734863,18.399999618530273,10.492042322825595,4.599999904632568,24,18.884296768407253,15.399999618530273,8.300000190734863,5.687500007312094,3.700000047683716,1.6666666865348816,2.0333333611488342,3.675000011920929,2.0333333611488342,-1.6416666507720947
Byrnes,2016,Baker North,4,42.53563,-70.78035,7.2,91.25,0,33.75,33.75,4,4,0.05,0.0375,0.175,9,0,KEEN ONE,13,0,1,6,1,0,3,5,3,1,0,13,0,0,2,0,3,1,29,3,0,42.536851666666664,-70.78398,44029,-70.566,42.523,17,11.784579668829068,7.300000190734863,18.399999618530273,10.492042322825595,4.599999904632568,24,18.884296768407253,15.399999618530273,8.300000190734863,5.687500007312094,3.700000047683716,1.6666666865348816,2.0333333611488342,3.675000011920929,2.0333333611488342,-1.6416666507720947
Byrnes,2016,Baker South,1,42.533568,-70.78228,7.2,85,21.25,56.25,56.25,10.5,10.5,0.025,0,0.1125,44,0,KEEN ONE,19,0,1,6,5,0,3,8,4,3,0,18,0,0,5,0,3,1,41,2,0,42.53199481735073,-70.78398852193266,44029,-70.566,42.523,17,11.784579668829068,7.300000190734863,18.399999618530273,10.492042322825595,4.599999904632568,24,18.884296768407253,15.399999618530273,8.300000190734863,5.687500007312094,3.700000047683716,1.6666666865348816,2.0333333611488342,3.675000011920929,2.0333333611488342,-1.6416666507720947
Byrnes,2016,Baker South,2,42.532335,-70.783988,7.5,57.5,0,66.25,66.25,4.5,4.5,0.075,0.075,0.1,16,0,KEEN ONE,13,0,0,6,2,0,3,5,3,2,0,11,0,0,2,0,3,0,27,1,0,42.53199481735073,-70.78398852193266,44029,-70.566,42.523,17,11.784579668829068,7.300000190734863,18.399999618530273,10.492042322825595,4.599999904632568,24,18.884296768407253,15.399999618530273,8.300000190734863,5.687500007312094,3.700000047683716,1.6666666865348816,2.0333333611488342,3.675000011920929,2.0333333611488342,-1.6416666507720947
Byrnes,2016,Baker South,3,42.531227,-70.78535,7.8,55,32.5,52.5,52.5,8.333333333333334,8.333333333333334,0.0625,0.05,0.1125,12,0,KEEN ONE,18,0,1,6,3,0,3,9,3,1,0,13,0,0,3,0,3,0,34,2,0,42.53199481735073,-70.78398852193266,44029,-70.566,42.523,17,11.784579668829068,7.300000190734863,18.399999618530273,10.492042322825595,4.599999904632568,24,18.884296768407253,15.399999618530273,8.300000190734863,5.687500007312094,3.700000047683716,1.6666666865348816,2.0333333611488342,3.675000011920929,2.0333333611488342,-1.6416666507720947
Byrnes,2016,Baker South,4,42.530752,-70.786561,7.2,3.75,0,53.75,53.75,5,5,0.0375,0.0125,0,8,0,KEEN ONE,10,0,0,6,0,0,3,3,3,2,0,9,0,0,1,0,3,0,22,1,0,42.53199481735073,-70.78398852193266,44029,-70.566,42.523,17,11.784579668829068,7.300000190734863,18.399999618530273,10.492042322825595,4.599999904632568,24,18.884296768407253,15.399999618530273,8.300000190734863,5.687500007312094,3.700000047683716,1.6666666865348816,2.0333333611488342,3.675000011920929,2.0333333611488342,-1.6416666507720947
Byrnes,2016,Calf Island,1,42.345715,-70.89132,6.4,92.5,22.5,0,1.25,6.333333333333333,7,0.0625,0.025,0.1125,,,KEEN ONE,11,0,1,6,2,0,3,3,2,1,0,13,0,0,2,0,3,1,26,2,0,42.343203302748385,-70.8927884440005,44013,-70.651,42.346,18.5,12.23125290137576,8,18.799999237060547,10.988827353589313,2.4000000953674316,25.5,19.602677747703545,14.800000190734863,8.5,5.487448478586019,3.799999952316284,2.366666634877523,1.4333333174387612,3.675000011920929,1.4333333174387612,-2.2416666944821677
Byrnes,2016,Calf Island,1,42.345715,-70.89132,6.4,92.5,22.5,82.5,82.5,6.333333333333333,7,0.0625,0.025,0.1125,,,KEEN ONE,11,0,1,6,2,0,3,3,2,1,0,13,0,0,2,0,3,1,26,2,0,42.343203302748385,-70.8927884440005,44013,-70.651,42.346,18.5,12.23125290137576,8,18.799999237060547,10.988827353589313,2.4000000953674316,25.5,19.602677747703545,14.800000190734863,8.5,5.487448478586019,3.799999952316284,2.366666634877523,1.4333333174387612,3.675000011920929,1.4333333174387612,-2.2416666944821677
Byrnes,2016,Calf Island,2,42.343802,-70.8912,7.6,96.25,57.5,96.25,96.25,11.166666666666666,11.333333333333332,0.0375,0,0.0125,15,0,KEEN ONE,16,0,1,9,2,0,3,4,3,1,0,13,0,0,3,0,3,0,32,3,0,42.343203302748385,-70.8927884440005,44013,-70.651,42.346,18.5,12.23125290137576,8,18.799999237060547,10.988827353589313,2.4000000953674316,25.5,19.602677747703545,14.800000190734863,8.5,5.487448478586019,3.799999952316284,2.366666634877523,1.4333333174387612,3.675000011920929,1.4333333174387612,-2.2416666944821677
Byrnes,2016,Calf Island,3,42.342275,-70.891011,6,98.75,10,73.75,73.75,8.5,13,0.1125,0.0125,0.1125,27,0,KEEN ONE,15,0,0,7,2,0,3,6,3,1,0,11,0,0,2,0,3,0,29,2,0,42.343203302748385,-70.8927884440005,44013,-70.651,42.346,18.5,12.23125290137576,8,18.799999237060547,10.988827353589313,2.4000000953674316,25.5,19.602677747703545,14.800000190734863,8.5,5.487448478586019,3.799999952316284,2.366666634877523,1.4333333174387612,3.675000011920929,1.4333333174387612,-2.2416666944821677
Byrnes,2016,Calf Island,4,42.340155,-70.89377,8.5,82.5,13.75,0,1.25,6,7.166666666666667,0.1,0.0375,0.2,5,0,KEEN ONE,16,0,1,7,3,0,3,4,4,2,0,13,0,0,5,0,3,0,33,1,0,42.343203302748385,-70.8927884440005,44013,-70.651,42.346,18.5,12.23125290137576,8,18.799999237060547,10.988827353589313,2.4000000953674316,25.5,19.602677747703545,14.800000190734863,8.5,5.487448478586019,3.799999952316284,2.366666634877523,1.4333333174387612,3.675000011920929,1.4333333174387612,-2.2416666944821677
Byrnes,2016,Calf Island,4,42.340155,-70.89377,8.5,82.5,13.75,62.5,62.5,6,7.166666666666667,0.1,0.0375,0.2,5,0,KEEN ONE,16,0,1,7,3,0,3,4,4,2,0,13,0,0,5,0,3,0,33,1,0,42.343203302748385,-70.8927884440005,44013,-70.651,42.346,18.5,12.23125290137576,8,18.799999237060547,10.988827353589313,2.4000000953674316,25.5,19.602677747703545,14.800000190734863,8.5,5.487448478586019,3.799999952316284,2.366666634877523,1.4333333174387612,3.675000011920929,1.4333333174387612,-2.2416666944821677
Byrnes,2016,Little Brewster,1,42.328099,-70.888049,6.4,97.5,37.5,28.75,28.75,8.333333333333334,8.333333333333334,0.0875,0.0875,0.0625,30,0,KEEN ONE,13,0,1,7,3,0,3,4,3,1,0,15,1,0,2,0,3,0,31,3,0,42.327558052392796,-70.88972816747423,44013,-70.651,42.346,18.5,12.23125290137576,8,18.799999237060547,10.988827353589313,2.4000000953674316,25.5,19.602677747703545,14.800000190734863,8.5,5.487448478586019,3.799999952316284,2.366666634877523,1.4333333174387612,3.675000011920929,1.4333333174387612,-2.2416666944821677
Byrnes,2016,Little Brewster,2,42.3269,-70.888444,10,76.25,52.5,32.5,32.5,9.833333333333334,9.833333333333334,0.0125,0.025,0.0375,4,0,KEEN ONE,13,0,0,6,3,0,3,4,3,0,0,11,1,0,3,0,3,0,27,1,0,42.327558052392796,-70.88972816747423,44013,-70.651,42.346,18.5,12.23125290137576,8,18.799999237060547,10.988827353589313,2.4000000953674316,25.5,19.602677747703545,14.800000190734863,8.5,5.487448478586019,3.799999952316284,2.366666634877523,1.4333333174387612,3.675000011920929,1.4333333174387612,-2.2416666944821677
Byrnes,2016,Little Brewster,3,42.326938,-70.890339,7.9,100,6.25,0,1.25,2.6666666666666665,3.6666666666666665,0,0.0125,0.0375,54,0,KEEN ONE,13,0,0,7,4,0,4,5,3,0,0,14,1,0,1,0,3,0,30,2,0,42.327558052392796,-70.88972816747423,44013,-70.651,42.346,18.5,12.23125290137576,8,18.799999237060547,10.988827353589313,2.4000000953674316,25.5,19.602677747703545,14.800000190734863,8.5,5.487448478586019,3.799999952316284,2.366666634877523,1.4333333174387612,3.675000011920929,1.4333333174387612,-2.2416666944821677
Byrnes,2016,Little Brewster,3,42.326938,-70.890339,7.9,100,6.25,33.75,33.75,2.6666666666666665,3.6666666666666665,0,0.0125,0.0375,54,0,KEEN ONE,13,0,0,7,4,0,4,5,3,0,0,14,1,0,1,0,3,0,30,2,0,42.327558052392796,-70.88972816747423,44013,-70.651,42.346,18.5,12.23125290137576,8,18.799999237060547,10.988827353589313,2.4000000953674316,25.5,19.602677747703545,14.800000190734863,8.5,5.487448478586019,3.799999952316284,2.366666634877523,1.4333333174387612,3.675000011920929,1.4333333174387612,-2.2416666944821677
Byrnes,2016,Little Brewster,4,42.327162,-70.891487,5.9,87.5,15,0,13.75,6.166666666666667,6.5,0.1375,0.0125,0.05,78,0,KEEN ONE,18,0,0,7,3,0,3,8,4,1,2,14,1,0,1,0,3,0,36,3,0,42.327558052392796,-70.88972816747423,44013,-70.651,42.346,18.5,12.23125290137576,8,18.799999237060547,10.988827353589313,2.4000000953674316,25.5,19.602677747703545,14.800000190734863,8.5,5.487448478586019,3.799999952316284,2.366666634877523,1.4333333174387612,3.675000011920929,1.4333333174387612,-2.2416666944821677
Byrnes,2016,Little Brewster,4,42.327162,-70.891487,5.9,87.5,15,20,20,6.166666666666667,6.5,0.1375,0.0125,0.05,78,0,KEEN ONE,18,0,0,7,3,0,3,8,4,1,2,14,1,0,1,0,3,0,36,3,0,42.327558052392796,-70.88972816747423,44013,-70.651,42.346,18.5,12.23125290137576,8,18.799999237060547,10.988827353589313,2.4000000953674316,25.5,19.602677747703545,14.800000190734863,8.5,5.487448478586019,3.799999952316284,2.366666634877523,1.4333333174387612,3.675000011920929,1.4333333174387612,-2.2416666944821677
Byrnes,2016,NE Appledore,Broadway and 42nd,42.99184,-70.61057,5.9,65,0,13.75,13.75,0.8333333333333334,0.8333333333333334,0.575,0.0125,0.2625,33,0,KEEN ONE,16,0,1,4,2,0,3,8,3,1,1,12,0,0,3,0,2,0,31,3,0,42.99178786232498,-70.6116499885015,44030,-70.428,43.181,17,11.415688091024347,6.400000095367432,16.5,9.621546969668422,4.400000095367432,22.100000381469727,18.267866902277486,13,8.100000381469727,5.488468661519434,4,2.633333365122477,1.366666634877523,3.675000011920929,1.366666634877523,-2.308333377043406
Byrnes,2016,NE Appledore,Devil's Dance Floor,42.9976,-70.61309,10,92.5,10,0,3.75,9.5,10.333333333333334,0.0375,0,0.25,46,0,KEEN ONE,18,0,1,3,1,0,3,8,3,1,1,12,0,0,6,0,3,0,33,3,0,42.99178786232498,-70.6116499885015,44030,-70.428,43.181,17,11.415688091024347,6.400000095367432,16.5,9.621546969668422,4.400000095367432,22.100000381469727,18.267866902277486,13,8.100000381469727,5.488468661519434,4,2.633333365122477,1.366666634877523,3.675000011920929,1.366666634877523,-2.308333377043406
Byrnes,2016,NE Appledore,Devil's Dance Floor,42.9976,-70.61309,10,92.5,10,50,50,9.5,10.333333333333334,0.0375,0,0.25,46,0,KEEN ONE,18,0,1,3,1,0,3,8,3,1,1,12,0,0,6,0,3,0,33,3,0,42.99178786232498,-70.6116499885015,44030,-70.428,43.181,17,11.415688091024347,6.400000095367432,16.5,9.621546969668422,4.400000095367432,22.100000381469727,18.267866902277486,13,8.100000381469727,5.488468661519434,4,2.633333365122477,1.366666634877523,3.675000011920929,1.366666634877523,-2.308333377043406
Byrnes,2016,NE Appledore,Norwegian Cove,42.9906,-70.6115,8.5,81.25,0,33.75,33.75,6.333333333333333,6.666666666666666,0.05,0,0.1625,6,0,KEEN ONE,17,1,1,4,5,0,3,6,3,2,1,18,0,0,6,0,3,1,38,1,1,42.99178786232498,-70.6116499885015,44030,-70.428,43.181,17,11.415688091024347,6.400000095367432,16.5,9.621546969668422,4.400000095367432,22.100000381469727,18.267866902277486,13,8.100000381469727,5.488468661519434,4,2.633333365122477,1.366666634877523,3.675000011920929,1.366666634877523,-2.308333377043406
Byrnes,2016,NE Appledore,Broad Cove,42.9898,-70.6108,3,93.75,0,10,10,2.8333333333333335,3.166666666666667,0.2,0,0.325,68,0,KEEN ONE,18,1,4,5,1,0,3,7,3,1,1,15,0,0,5,0,3,0,36,2,0,42.99178786232498,-70.6116499885015,44030,-70.428,43.181,17,11.415688091024347,6.400000095367432,16.5,9.621546969668422,4.400000095367432,22.100000381469727,18.267866902277486,13,8.100000381469727,5.488468661519434,4,2.633333365122477,1.366666634877523,3.675000011920929,1.366666634877523,-2.308333377043406
Byrnes,2016,NW Appledore,Larus Ledge,42.99121,-70.61816,6.7,95,3.75,0,1.25,1.3333333333333333,1.3333333333333333,0.4,0.075,0.375,13,0,KEEN ONE,12,1,3,2,3,0,3,7,3,1,0,20,0,0,3,0,3,0,35,5,1,42.991373808236354,-70.61754283273567,44030,-70.428,43.181,17,11.415688091024347,6.400000095367432,16.5,9.621546969668422,4.400000095367432,22.100000381469727,18.267866902277486,13,8.100000381469727,5.488468661519434,4,2.633333365122477,1.366666634877523,3.675000011920929,1.366666634877523,-2.308333377043406
Byrnes,2016,NW Appledore,Larus Ledge,42.99121,-70.61816,6.7,95,3.75,16.25,16.25,1.3333333333333333,1.3333333333333333,0.4,0.075,0.375,13,0,KEEN ONE,12,1,3,2,3,0,3,7,3,1,0,20,0,0,3,0,3,0,35,5,1,42.991373808236354,-70.61754283273567,44030,-70.428,43.181,17,11.415688091024347,6.400000095367432,16.5,9.621546969668422,4.400000095367432,22.100000381469727,18.267866902277486,13,8.100000381469727,5.488468661519434,4,2.633333365122477,1.366666634877523,3.675000011920929,1.366666634877523,-2.308333377043406
Byrnes,2016,NW Appledore,North Head,42.9931,-70.61526,9.1,96.25,0,0,27.5,1.5,7.666666666666667,0.0875,0.0125,0.1625,6,0,KEEN ONE,13,0,2,2,0,0,3,4,3,2,1,13,0,0,6,0,3,0,29,2,1,42.991373808236354,-70.61754283273567,44030,-70.428,43.181,17,11.415688091024347,6.400000095367432,16.5,9.621546969668422,4.400000095367432,22.100000381469727,18.267866902277486,13,8.100000381469727,5.488468661519434,4,2.633333365122477,1.366666634877523,3.675000011920929,1.366666634877523,-2.308333377043406
Byrnes,2016,NW Appledore,North Head,42.9931,-70.61526,9.1,96.25,0,2.5,2.5,1.5,7.666666666666667,0.0875,0.0125,0.1625,6,0,KEEN ONE,13,0,2,2,0,0,3,4,3,2,1,13,0,0,6,0,3,0,29,2,1,42.991373808236354,-70.61754283273567,44030,-70.428,43.181,17,11.415688091024347,6.400000095367432,16.5,9.621546969668422,4.400000095367432,22.100000381469727,18.267866902277486,13,8.100000381469727,5.488468661519434,4,2.633333365122477,1.366666634877523,3.675000011920929,1.366666634877523,-2.308333377043406
Byrnes,2016,NW Appledore,Magic 8 Ball,42.99109,-70.61833,7.4,93.75,10,0,2.5,1.5,1.5,0.2,0.0125,0.35,6,0,KEEN ONE,16,0,2,4,3,0,3,6,3,2,0,18,0,0,6,0,3,1,37,3,1,42.991373808236354,-70.61754283273567,44030,-70.428,43.181,17,11.415688091024347,6.400000095367432,16.5,9.621546969668422,4.400000095367432,22.100000381469727,18.267866902277486,13,8.100000381469727,5.488468661519434,4,2.633333365122477,1.366666634877523,3.675000011920929,1.366666634877523,-2.308333377043406
Byrnes,2016,NW Appledore,Magic 8 Ball,42.99109,-70.61833,7.4,93.75,10,30,30,1.5,1.5,0.2,0.0125,0.35,6,0,KEEN ONE,16,0,2,4,3,0,3,6,3,2,0,18,0,0,6,0,3,1,37,3,1,42.991373808236354,-70.61754283273567,44030,-70.428,43.181,17,11.415688091024347,6.400000095367432,16.5,9.621546969668422,4.400000095367432,22.100000381469727,18.267866902277486,13,8.100000381469727,5.488468661519434,4,2.633333365122477,1.366666634877523,3.675000011920929,1.366666634877523,-2.308333377043406
Byrnes,2016,NW Appledore,Sandpiper Beach,42.99021,-70.61878,9.4,90,13.75,0,17.5,3.6666666666666665,5.833333333333333,0.0375,0.075,0.3125,,,KEEN ONE,13,0,1,5,2,0,3,4,3,2,0,16,0,0,4,0,3,1,32,3,1,42.991373808236354,-70.61754283273567,44030,-70.428,43.181,17,11.415688091024347,6.400000095367432,16.5,9.621546969668422,4.400000095367432,22.100000381469727,18.267866902277486,13,8.100000381469727,5.488468661519434,4,2.633333365122477,1.366666634877523,3.675000011920929,1.366666634877523,-2.308333377043406
Byrnes,2016,NW Appledore,Sandpiper Beach,42.99021,-70.61878,9.4,90,13.75,31.25,31.25,3.6666666666666665,5.833333333333333,0.0375,0.075,0.3125,,,KEEN ONE,13,0,1,5,2,0,3,4,3,2,0,16,0,0,4,0,3,1,32,3,1,42.991373808236354,-70.61754283273567,44030,-70.428,43.181,17,11.415688091024347,6.400000095367432,16.5,9.621546969668422,4.400000095367432,22.100000381469727,18.267866902277486,13,8.100000381469727,5.488468661519434,4,2.633333365122477,1.366666634877523,3.675000011920929,1.366666634877523,-2.308333377043406
Byrnes,2016,SW Appledore,North Smith's Cove,42.98505,-70.61876,6.4,88.75,1.25,,,0.8333333333333334,0.8333333333333334,0.075,0,0.1375,64,0,KEEN ONE,11,0,1,3,2,0,3,2,4,1,1,11,0,0,5,0,3,0,26,1,0,42.985201695402026,-70.6190923516288,44030,-70.428,43.181,17,11.415688091024347,6.400000095367432,16.5,9.621546969668422,4.400000095367432,22.100000381469727,18.267866902277486,13,8.100000381469727,5.488468661519434,4,2.633333365122477,1.366666634877523,3.675000011920929,1.366666634877523,-2.308333377043406
Byrnes,2016,SW Appledore,South Smith's Cove,42.9845,-70.61809,5.5,71.25,1.25,8.75,8.75,,,0.1875,0.075,0.2125,91,0,KEEN ONE,7,0,1,1,2,0,3,3,3,1,0,12,0,0,3,0,3,0,22,1,1,42.985201695402026,-70.6190923516288,44030,-70.428,43.181,17,11.415688091024347,6.400000095367432,16.5,9.621546969668422,4.400000095367432,22.100000381469727,18.267866902277486,13,8.100000381469727,5.488468661519434,4,2.633333365122477,1.366666634877523,3.675000011920929,1.366666634877523,-2.308333377043406
Byrnes,2016,SW Appledore,North Pepperrell,42.98606,-70.61996,9.3,83.75,0,0,1.25,1.6666666666666667,1.8333333333333335,0.125,0.2625,0.2125,3,0,KEEN ONE,13,0,3,6,1,0,3,4,3,2,0,14,0,0,3,0,3,0,30,1,1,42.985201695402026,-70.6190923516288,44030,-70.428,43.181,17,11.415688091024347,6.400000095367432,16.5,9.621546969668422,4.400000095367432,22.100000381469727,18.267866902277486,13,8.100000381469727,5.488468661519434,4,2.633333365122477,1.366666634877523,3.675000011920929,1.366666634877523,-2.308333377043406
Byrnes,2016,SW Appledore,North Pepperrell,42.98606,-70.61996,9.3,83.75,0,5,5,1.6666666666666667,1.8333333333333335,0.125,0.2625,0.2125,3,0,KEEN ONE,13,0,3,6,1,0,3,4,3,2,0,14,0,0,3,0,3,0,30,1,1,42.985201695402026,-70.6190923516288,44030,-70.428,43.181,17,11.415688091024347,6.400000095367432,16.5,9.621546969668422,4.400000095367432,22.100000381469727,18.267866902277486,13,8.100000381469727,5.488468661519434,4,2.633333365122477,1.366666634877523,3.675000011920929,1.366666634877523,-2.308333377043406
Byrnes,2016,SW Appledore,South Pepperrell,42.98566,-70.61964,5.5,83.75,1.25,5,5,0,0.3333333333333333,0.175,0.2,0.2,78,0,KEEN ONE,18,0,1,8,2,0,3,5,4,1,0,14,0,0,5,0,3,0,36,3,1,42.985201695402026,-70.6190923516288,44030,-70.428,43.181,17,11.415688091024347,6.400000095367432,16.5,9.621546969668422,4.400000095367432,22.100000381469727,18.267866902277486,13,8.100000381469727,5.488468661519434,4,2.633333365122477,1.366666634877523,3.675000011920929,1.366666634877523,-2.308333377043406
Dijkstra,2014,Nubble,1,43.164158,-70.591034,7.3,96.25,0,0,3.75,0,5.833333333333334,0,0.1,0.15,1,0,KEEN ONE,19,1,1,8,3,0,3,8,3,0,0,15,0,0,3,0,3,0,37,3,1,43.164158,-70.591034,44030,-70.428,43.181,15.300000190734863,10.660117967808095,6.099999904632568,18.100000381469727,9.335313371679735,2.5,21.399999618530273,17.1134545508298,12.199999809265137,6.400000095367432,3.559962666596534,2.200000047683716,2.633333365122477,-0.43333331743876125,1.900000023841858,-0.43333331743876125,-2.3333333412806194
Dijkstra,2014,Nubble,1,43.164158,-70.591034,7.3,96.25,0,0,21.25,0,5.833333333333334,0,0.1,0.15,1,0,KEEN ONE,19,1,1,8,3,0,3,8,3,0,0,15,0,0,3,0,3,0,37,3,1,43.164158,-70.591034,44030,-70.428,43.181,15.300000190734863,10.660117967808095,6.099999904632568,18.100000381469727,9.335313371679735,2.5,21.399999618530273,17.1134545508298,12.199999809265137,6.400000095367432,3.559962666596534,2.200000047683716,2.633333365122477,-0.43333331743876125,1.900000023841858,-0.43333331743876125,-2.3333333412806194
Dijkstra,2014,Nubble,1,43.164158,-70.591034,7.3,96.25,0,1.25,1.25,0,5.833333333333334,0,0.1,0.15,1,0,KEEN ONE,19,1,1,8,3,0,3,8,3,0,0,15,0,0,3,0,3,0,37,3,1,43.164158,-70.591034,44030,-70.428,43.181,15.300000190734863,10.660117967808095,6.099999904632568,18.100000381469727,9.335313371679735,2.5,21.399999618530273,17.1134545508298,12.199999809265137,6.400000095367432,3.559962666596534,2.200000047683716,2.633333365122477,-0.43333331743876125,1.900000023841858,-0.43333331743876125,-2.3333333412806194
Grabowski,2015,Canoe Beach,1,42.42101,-70.90135,7.3,82.5,27.5,0,1.25,9.166666666666666,9.166666666666666,0.15,0.0125,0.0875,7,0,KEEN ONE,15,0,0,3,3,0,3,5,3,0,1,12,0,0,6,0,3,2,30,1,0,42.4208025,-70.9046475,44013,-70.651,42.346,17.100000381469727,11.327586204300342,8.399999618530273,19.799999237060547,9.571631526859608,2.299999952316284,23.200000762939453,19.492517000747647,14.300000190734863,6.599999904632568,3.718839903497364,1.399999976158142,2.366666634877523,-0.9666666587193808,1.5799999833106995,-0.9666666587193808,-2.5466666420300803
Grabowski,2015,Canoe Beach,1,42.42101,-70.90135,7.3,82.5,27.5,6.25,6.25,9.166666666666666,9.166666666666666,0.15,0.0125,0.0875,7,0,KEEN ONE,15,0,0,3,3,0,3,5,3,0,1,12,0,0,6,0,3,2,30,1,0,42.4208025,-70.9046475,44013,-70.651,42.346,17.100000381469727,11.327586204300342,8.399999618530273,19.799999237060547,9.571631526859608,2.299999952316284,23.200000762939453,19.492517000747647,14.300000190734863,6.599999904632568,3.718839903497364,1.399999976158142,2.366666634877523,-0.9666666587193808,1.5799999833106995,-0.9666666587193808,-2.5466666420300803
Grabowski,2015,Canoe Beach,2,42.42038,-70.90422,6.09,82.5,27.5,20,20,6.166666666666667,6.166666666666667,0.1,0.0875,0.1125,7,0,KEEN ONE,13,0,0,3,2,0,3,9,2,0,1,9,0,0,0,0,2,1,24,1,0,42.4208025,-70.9046475,44013,-70.651,42.346,17.100000381469727,11.327586204300342,8.399999618530273,19.799999237060547,9.571631526859608,2.299999952316284,23.200000762939453,19.492517000747647,14.300000190734863,6.599999904632568,3.718839903497364,1.399999976158142,2.366666634877523,-0.9666666587193808,1.5799999833106995,-0.9666666587193808,-2.5466666420300803
Grabowski,2015,Pumphouse Beach,1,42.41629,-70.90759,5.49,62.5,31.25,32.5,32.5,5.666666666666667,5.666666666666667,0.0625,0.05,0.025,,,KEEN ONE,15,0,0,4,1,0,3,6,1,2,1,9,0,0,4,0,2,1,25,0,0,42.416245,-70.90719,44013,-70.651,42.346,17.100000381469727,11.327586204300342,8.399999618530273,19.799999237060547,9.571631526859608,2.299999952316284,23.200000762939453,19.492517000747647,14.300000190734863,6.599999904632568,3.718839903497364,1.399999976158142,2.366666634877523,-0.9666666587193808,1.5799999833106995,-0.9666666587193808,-2.5466666420300803
Grabowski,2015,Pumphouse Beach,2,42.4162,-70.90679,4.57,85,56.25,8.75,8.75,4.5,4.5,0.05,0.0375,0.0125,1,0,KEEN ONE,16,0,0,6,2,0,3,6,2,0,1,8,0,0,3,0,1,2,26,0,0,42.416245,-70.90719,44013,-70.651,42.346,17.100000381469727,11.327586204300342,8.399999618530273,19.799999237060547,9.571631526859608,2.299999952316284,23.200000762939453,19.492517000747647,14.300000190734863,6.599999904632568,3.718839903497364,1.399999976158142,2.366666634877523,-0.9666666587193808,1.5799999833106995,-0.9666666587193808,-2.5466666420300803
Grabowski,2016,Canoe Beach,1,42.42065,-70.90685,6.71,97.5,33.75,17.5,17.5,2.1666666666666665,2.1666666666666665,0.4,0.0875,0.0625,18,0,KEEN ONE,17,0,0,4,0,0,4,6,4,1,3,11,0,0,4,0,3,1,32,2,0,42.4208025,-70.9046475,44013,-70.651,42.346,18.5,12.23125290137576,8,18.799999237060547,10.988827353589313,2.4000000953674316,25.5,19.602677747703545,14.800000190734863,8.5,5.487448478586019,3.799999952316284,2.366666634877523,1.4333333174387612,3.675000011920929,1.4333333174387612,-2.2416666944821677
Grabowski,2016,Canoe Beach,2,42.42117,-70.90617,7.42,80,6.25,36.25,36.25,7,7,0.1625,0.0375,0.075,33,0,KEEN ONE,10,0,0,2,2,0,3,5,4,1,1,10,0,0,2,0,3,0,24,1,0,42.4208025,-70.9046475,44013,-70.651,42.346,18.5,12.23125290137576,8,18.799999237060547,10.988827353589313,2.4000000953674316,25.5,19.602677747703545,14.800000190734863,8.5,5.487448478586019,3.799999952316284,2.366666634877523,1.4333333174387612,3.675000011920929,1.4333333174387612,-2.2416666944821677
Grabowski,2016,Pemaquid,1,43.83558,-69.50793,3.96,96.25,3.75,0,36.25,3.1666666666666665,4.333333333333333,0.025,0,0.025,23,0,KEEN ONE,17,1,0,5,1,0,3,8,1,0,2,10,0,0,2,0,3,0,28,2,0,43.83573,-69.507885,44032,-69.355,43.716,15.5,11.40972289510578,8.699999809265137,16.799999237060547,8.797931046102239,4.300000190734863,19.600000381469727,16.287139607566992,13.100000381469727,8.199999809265137,5.345291680461724,3.200000047683716,2.3666666746139526,0.8333333730697632,3.675000011920929,0.8333333730697632,-2.8416666388511658
Grabowski,2016,Pemaquid,1,43.83558,-69.50793,3.96,96.25,3.75,21.25,21.25,3.1666666666666665,4.333333333333333,0.025,0,0.025,23,0,KEEN ONE,17,1,0,5,1,0,3,8,1,0,2,10,0,0,2,0,3,0,28,2,0,43.83573,-69.507885,44032,-69.355,43.716,15.5,11.40972289510578,8.699999809265137,16.799999237060547,8.797931046102239,4.300000190734863,19.600000381469727,16.287139607566992,13.100000381469727,8.199999809265137,5.345291680461724,3.200000047683716,2.3666666746139526,0.8333333730697632,3.675000011920929,0.8333333730697632,-2.8416666388511658
Grabowski,2016,Pemaquid,2,43.83588,-69.50784,5.49,85,0,0,11.25,10.5,11,0.025,0.025,0.05,5,38,KEEN ONE,17,0,0,6,0,0,3,8,4,0,1,7,0,0,2,0,2,0,28,2,0,43.83573,-69.507885,44032,-69.355,43.716,15.5,11.40972289510578,8.699999809265137,16.799999237060547,8.797931046102239,4.300000190734863,19.600000381469727,16.287139607566992,13.100000381469727,8.199999809265137,5.345291680461724,3.200000047683716,2.3666666746139526,0.8333333730697632,3.675000011920929,0.8333333730697632,-2.8416666388511658
Grabowski,2016,Pemaquid,2,43.83588,-69.50784,5.49,85,0,6.25,6.25,10.5,11,0.025,0.025,0.05,5,38,KEEN ONE,17,0,0,6,0,0,3,8,4,0,1,7,0,0,2,0,2,0,28,2,0,43.83573,-69.507885,44032,-69.355,43.716,15.5,11.40972289510578,8.699999809265137,16.799999237060547,8.797931046102239,4.300000190734863,19.600000381469727,16.287139607566992,13.100000381469727,8.199999809265137,5.345291680461724,3.200000047683716,2.3666666746139526,0.8333333730697632,3.675000011920929,0.8333333730697632,-2.8416666388511658
Humphries,2016,Fort Weatherill,1,41.4772145407588,-71.3664210546525,6,77.5,13.75,0,1.25,7,10.5,0,0,0.0125,39,0,KEEN ONE,12,2,0,4,1,1,2,7,6,1,0,13,0,0,1,0,2,0,31,4,0,41.47743145607495,-71.36278752160183,44097,-71.127,40.969,19.899999618530273,14.430974772282015,7.900000095367432,21.100000381469727,14.730826343334485,10,26,21.488239741771583,16.899999618530273,,,,2.5,,3.675000011920929,,
Humphries,2016,Fort Weatherill,1,41.4772145407588,-71.3664210546525,6,77.5,13.75,8.75,8.75,7,10.5,0,0,0.0125,39,0,KEEN ONE,12,2,0,4,1,1,2,7,6,1,0,13,0,0,1,0,2,0,31,4,0,41.47743145607495,-71.36278752160183,44097,-71.127,40.969,19.899999618530273,14.430974772282015,7.900000095367432,21.100000381469727,14.730826343334485,10,26,21.488239741771583,16.899999618530273,,,,2.5,,3.675000011920929,,
Humphries,2016,Fort Weatherill,2,41.4769146682058,-71.3635710156022,9,85,1.25,26.25,26.25,4.5,6.833333333333334,0,0,0.025,71,0,KEEN ONE,11,2,0,4,1,1,1,5,5,3,1,14,0,1,1,2,1,0,30,2,0,41.47743145607495,-71.36278752160183,44097,-71.127,40.969,19.899999618530273,14.430974772282015,7.900000095367432,21.100000381469727,14.730826343334485,10,26,21.488239741771583,16.899999618530273,,,,2.5,,3.675000011920929,,
Humphries,2016,Fort Weatherill,3,41.4781297326476,-71.3617350539949,9,75,0,2.5,2.5,0.8333333333333334,1.3333333333333335,0,0,0.025,53,0,KEEN ONE,8,1,0,3,0,0,1,5,5,0,0,5,0,0,0,0,1,0,18,1,1,41.47743145607495,-71.36278752160183,44097,-71.127,40.969,19.899999618530273,14.430974772282015,7.900000095367432,21.100000381469727,14.730826343334485,10,26,21.488239741771583,16.899999618530273,,,,2.5,,3.675000011920929,,
Humphries,2016,Fort Weatherill,4,41.4774668826876,-71.3594229621577,7,87.5,2.5,1.25,1.25,1.3333333333333333,2.6666666666666665,0,0,0.025,30,0,KEEN ONE,12,3,0,4,1,0,2,8,5,1,0,11,0,0,0,0,1,1,28,1,1,41.47743145607495,-71.36278752160183,44097,-71.127,40.969,19.899999618530273,14.430974772282015,7.900000095367432,21.100000381469727,14.730826343334485,10,26,21.488239741771583,16.899999618530273,,,,2.5,,3.675000011920929,,
