PI,YEAR,SITE,TRANSECT,START_LATITUDE,START_LONGITUDE,START_DEPTH_M,PERCENT_ROCK,PERCENT_COBBLE,PERCENT_S_LATISSIMA,PERCENT_KELP,S_LATISSIMA_SQ_M,TOTAL_KELP_SQ_M,C_BOREALIS_SQ_M,C_IRRORATUS_SQ_M,LOBSTERS_SQ_M,CUNNER_PER_TRANSECT,POLLACK_PER_TRANSECT,NETWORK,Algae_RICHNESS,Anthozoa_RICHNESS,Bivalves_RICHNESS,Brown Algae_RICHNESS,Bryozoans_RICHNESS,Corals_RICHNESS,Crustaceans_RICHNESS,Erect Red Algae_RICHNESS,Fish_RICHNESS,Gastropods_RICHNESS,Green Algae_RICHNESS,Invertebrate_RICHNESS,Marine Flowering Plants_RICHNESS,Medusozoa_RICHNESS,Polychaetes_RICHNESS,Red Algal Crusts_RICHNESS,Sea Cucumbers_RICHNESS,Sea Stars_RICHNESS,Sponges_RICHNESS,TOTAL_RICHNESS,Tunicates_RICHNESS,Urchins_RICHNESS
Byrnes,2014,Baker North,1,42.53804,-70.78646,8.2,78.75,21.25,77.5,77.5,28.5,28.5,0.125,0.025,0.25,0,1,KEEN ONE,16,0,2,5,2,0,4,8,3,1,0,14,0,0,0,3,0,1,1,33,3,0
Byrnes,2014,Baker North,2,42.53744,-70.78494,7.3,86.25,10,86.25,86.25,23.166666666666668,23.166666666666668,0.1,0.0125,0.2375,1,1,KEEN ONE,17,0,1,5,1,0,4,10,4,1,0,11,0,0,0,2,0,0,2,32,2,0
Byrnes,2014,Baker North,3,42.53696,-70.78384,9.1,96.25,1.25,31.25,31.25,3.6666666666666665,3.6666666666666665,0.05,0.025,0.1375,,,KEEN ONE,13,0,0,3,1,0,4,7,4,0,0,12,0,0,0,3,0,3,2,29,2,0
Byrnes,2014,Baker North,4,42.53495,-70.78127,9.1,87.5,5,55,55,7.5,7.5,0.125,0.0125,0.175,,,KEEN ONE,19,0,1,4,3,0,4,11,2,0,0,12,0,0,0,4,0,0,1,33,3,0
Byrnes,2014,Baker South,1,42.53283,-70.78202,7.62,93.75,3.75,35,35,6.833333333333333,6.833333333333333,0.15,0.15,0.2875,0,3,KEEN ONE,15,1,0,4,1,0,5,9,3,1,0,11,0,0,0,2,0,0,0,29,2,1
Byrnes,2014,Baker South,2,42.53167,-70.78329,7.7,63.75,20,41.25,41.25,5.166666666666667,5.166666666666667,0.025,0.15,0.1125,0,0,KEEN ONE,22,0,1,5,1,0,4,14,3,1,0,7,0,0,0,3,0,0,0,32,0,0
Byrnes,2014,Baker South,3,42.53066,-70.78569,7.6,55,23.75,36.25,36.25,6.5,6.5,0,0.4125,0.0875,0,0,KEEN ONE,23,0,0,7,1,0,3,11,4,2,1,8,0,0,0,4,0,1,0,35,1,0
Byrnes,2014,Baker South,4,42.53022,-70.78648,7.7,77.5,38.75,32.5,32.5,4.166666666666667,4.166666666666667,0,0.375,0.0375,0,0,KEEN ONE,20,0,0,4,1,0,3,12,4,1,1,10,0,0,0,3,0,2,1,34,2,0
Byrnes,2014,Calf Island,1,42.34634,-70.8925,7.4,91.25,10,0,3.75,10.5,10.5,0.075,0.025,0.2125,9,0,KEEN ONE,19,0,0,7,4,0,5,11,4,1,0,15,0,0,0,1,0,3,0,38,2,0
Byrnes,2014,Calf Island,1,42.34634,-70.8925,7.4,91.25,10,56.25,56.25,10.5,10.5,0.075,0.025,0.2125,9,0,KEEN ONE,19,0,0,7,4,0,5,11,4,1,0,15,0,0,0,1,0,3,0,38,2,0
Byrnes,2014,Calf Island,2,42.34416,-70.89385,7.6,92.5,10,0,3.75,10.5,10.666666666666666,0.05,0.05,0.1125,3,0,KEEN ONE,22,0,0,6,5,0,3,13,3,1,1,15,0,0,1,2,0,2,0,40,3,0
Byrnes,2014,Calf Island,2,42.34416,-70.89385,7.6,92.5,10,50,50,10.5,10.666666666666666,0.05,0.05,0.1125,3,0,KEEN ONE,22,0,0,6,5,0,3,13,3,1,1,15,0,0,1,2,0,2,0,40,3,0
Byrnes,2014,Calf Island,3,42.34295,-70.89327,8.5,77.5,8.75,0,3.75,4.5,4.833333333333333,0.1375,0.0875,0.225,,,KEEN ONE,19,0,2,6,2,0,4,11,2,1,0,13,0,0,0,2,0,3,0,34,1,0
Byrnes,2014,Calf Island,3,42.34295,-70.89327,8.5,77.5,8.75,67.5,67.5,4.5,4.833333333333333,0.1375,0.0875,0.225,,,KEEN ONE,19,0,2,6,2,0,4,11,2,1,0,13,0,0,0,2,0,3,0,34,1,0
Byrnes,2014,Calf Island,4,42.34053,-70.89362,8.1,66.25,10,0,2.5,3.1666666666666665,3.833333333333333,0.0875,0.075,0.15,101,0,KEEN ONE,22,0,1,8,1,0,4,12,3,1,0,11,0,0,0,2,0,2,0,36,2,0
Byrnes,2014,Calf Island,4,42.34053,-70.89362,8.1,66.25,10,45,45,3.1666666666666665,3.833333333333333,0.0875,0.075,0.15,101,0,KEEN ONE,22,0,1,8,1,0,4,12,3,1,0,11,0,0,0,2,0,2,0,36,2,0
Byrnes,2014,Little Brewster,1,42.32692,-70.89121,8.5,51.25,15,0,1.25,2.5,2.5,0.15,0.1,0.1625,6,0,KEEN ONE,11,0,0,4,5,0,4,7,3,0,0,15,0,1,0,0,0,2,1,29,2,0
Byrnes,2014,Little Brewster,1,42.32692,-70.89121,8.5,51.25,15,28.75,28.75,2.5,2.5,0.15,0.1,0.1625,6,0,KEEN ONE,11,0,0,4,5,0,4,7,3,0,0,15,0,1,0,0,0,2,1,29,2,0
Byrnes,2014,Little Brewster,2,42.327516,-70.88883,6.4,85,8.75,38.75,38.75,4.333333333333333,4.333333333333333,0.05,0.1,0.1375,7,0,KEEN ONE,19,0,0,5,5,0,3,10,2,1,1,17,0,2,1,3,0,2,0,38,3,0
Byrnes,2014,Little Brewster,3,42.32914,-70.88928,7.1,75,21.25,81.25,81.25,8,8,0,0.0375,0.1375,7,0,KEEN ONE,15,0,0,4,3,0,3,9,3,1,1,11,0,1,0,1,0,1,0,29,2,0
Byrnes,2014,Little Brewster,4,42.3286,-70.88817,7.3,46.25,21.25,83.75,83.75,11.5,11.5,0.0875,0.0125,0.15,1,0,KEEN ONE,16,0,0,5,5,0,3,8,3,0,1,10,0,1,0,2,0,1,0,29,0,0
Byrnes,2014,NE Appledore,Devil's Dance Floor,42.99306904,-70.613883985,11.1,93.75,6.25,0,1.25,1.5,2.5,0.25,0.0375,0.1375,2,38,KEEN ONE,25,1,1,6,2,0,4,14,5,1,2,19,0,0,0,3,0,3,2,49,4,1
Byrnes,2014,NE Appledore,Devil's Dance Floor,42.99306904,-70.613883985,11.1,93.75,6.25,8.75,8.75,1.5,2.5,0.25,0.0375,0.1375,2,38,KEEN ONE,25,1,1,6,2,0,4,14,5,1,2,19,0,0,0,3,0,3,2,49,4,1
Byrnes,2014,NE Appledore,Broadway and 42nd,42.992762011,-70.611665966,10.8,95,0,0,3.75,0.5,1.8333333333333333,0.05,0.0125,0.1,,,KEEN ONE,23,0,1,7,2,0,5,13,3,0,0,16,0,0,0,3,0,3,1,42,3,1
Byrnes,2014,NE Appledore,Broadway and 42nd,42.992762011,-70.611665966,10.8,95,0,2.5,2.5,0.5,1.8333333333333333,0.05,0.0125,0.1,,,KEEN ONE,23,0,1,7,2,0,5,13,3,0,0,16,0,0,0,3,0,3,1,42,3,1
Byrnes,2014,NE Appledore,Norwegian Cove,42.990710959,-70.610730965,9.8,92.5,3.75,0,16.25,3.5,5,0.025,0,0.1375,0,24,KEEN ONE,27,0,2,7,2,0,5,16,5,0,0,13,0,0,0,4,0,3,0,45,0,1
Byrnes,2014,NE Appledore,Norwegian Cove,42.990710959,-70.610730965,9.8,92.5,3.75,58.75,58.75,3.5,5,0.025,0,0.1375,0,24,KEEN ONE,27,0,2,7,2,0,5,16,5,0,0,13,0,0,0,4,0,3,0,45,0,1
Byrnes,2014,NE Appledore,Broad Cove,42.989987014,-70.611166991,6,93.75,0,80,80,22.333333333333332,22.333333333333332,0.125,0.025,0.375,0,86,KEEN ONE,20,1,1,6,1,0,5,10,4,0,1,15,0,0,0,3,0,3,1,39,2,1
Byrnes,2014,NW Appledore,North Head,42.993015982,-70.615435978,9.1,95,1.25,0,13.75,2,8.666666666666668,0.05,0.075,0.1125,,,KEEN ONE,23,1,1,7,0,0,3,13,4,1,0,13,0,0,0,3,0,3,1,40,2,1
Byrnes,2014,NW Appledore,North Head,42.993015982,-70.615435978,9.1,95,1.25,11.25,11.25,2,8.666666666666668,0.05,0.075,0.1125,,,KEEN ONE,23,1,1,7,0,0,3,13,4,1,0,13,0,0,0,3,0,3,1,40,2,1
Byrnes,2014,NW Appledore,Magic 8 Ball,42.991409004,-70.617746031,6.3,65,5,26.25,26.25,3.6666666666666665,3.833333333333333,0.025,0.0625,0.275,92,0,KEEN ONE,18,0,1,6,1,0,5,9,4,2,0,14,0,0,0,3,0,3,0,36,1,1
Byrnes,2014,NW Appledore,Larus Ledge,42.991161989,-70.618240982,11.4,77.5,1.25,1.25,1.25,1.8333333333333333,2.5,0.0625,0.0125,0.275,10,0,KEEN ONE,19,0,1,7,1,0,4,10,4,1,0,14,0,0,0,2,0,3,0,37,3,1
Byrnes,2014,NW Appledore,Sandpiper Beach,42.99012,-70.617828,9.4,96.25,0,3.75,3.75,2.6666666666666665,2.6666666666666665,0.0375,0.0375,0.225,3,2,KEEN ONE,17,0,1,7,3,0,4,7,4,1,0,16,0,0,0,3,1,3,0,37,2,1
Byrnes,2014,SW Appledore,South Smith's Cove,42.984478008,-70.618435023,8.4,71.25,0,1.25,1.25,0.3333333333333333,0.6666666666666666,0.0625,0.125,0.2,0,70,KEEN ONE,12,0,1,5,0,0,3,4,5,1,0,12,0,0,0,3,1,2,1,29,2,1
Byrnes,2014,SW Appledore,North Smith's Cove,42.984961979,-70.618916983,9.1,27.5,6.25,23.75,23.75,6.666666666666667,7.166666666666667,0.0875,0.0625,0.2625,7,5,KEEN ONE,16,0,0,8,1,0,3,6,5,1,1,9,0,0,0,1,1,1,0,30,1,1
Byrnes,2014,SW Appledore,South Pepperrell,42.985265991,-70.619861037,10.3,86.25,0,5,5,0.16666666666666666,0.16666666666666666,0.0375,0.0375,0.0875,0,0,KEEN ONE,16,0,1,4,1,0,4,7,3,2,1,16,0,0,0,4,0,3,1,35,3,1
Byrnes,2014,SW Appledore,North Pepperrell,42.986057997,-70.619525006,9.2,82.5,0,17.5,17.5,1.3333333333333333,1.3333333333333333,0.0375,0.025,0.2,12,0,KEEN ONE,14,0,1,6,1,0,5,4,4,1,1,11,0,0,0,3,0,1,1,29,0,1
Byrnes,2015,Baker North,1,42.53807,-70.78659,7.1,95,18.75,86.25,86.25,13.333333333333334,14.333333333333334,0.1,0.0125,0.15,70,0,KEEN ONE,21,0,2,6,1,0,4,11,3,1,0,12,0,0,0,4,0,3,1,36,0,0
Byrnes,2015,Baker North,2,42.53787,-70.78437,11,46.25,10,0,10,7,9.166666666666666,0.1375,0.0125,0.15,54,0,KEEN ONE,23,0,1,6,1,0,4,11,5,1,0,11,0,0,0,6,0,3,0,39,1,0
Byrnes,2015,Baker North,2,42.53787,-70.78437,11,46.25,10,53.75,53.75,7,9.166666666666666,0.1375,0.0125,0.15,54,0,KEEN ONE,23,0,1,6,1,0,4,11,5,1,0,11,0,0,0,6,0,3,0,39,1,0
Byrnes,2015,Baker North,3,42.53677,-70.78341,7,88.75,0,2.5,2.5,11.333333333333334,11.333333333333334,0.025,0.05,0.25,76,0,KEEN ONE,20,0,2,6,1,0,3,7,4,0,1,11,0,0,0,6,0,3,1,35,1,0
Byrnes,2015,Baker North,4,42.53502,-70.78151,5.7,92.5,0,93.75,93.75,15,15,0.0125,0.025,0.125,28,0,KEEN ONE,20,0,1,6,3,0,4,7,3,1,0,14,0,1,0,7,0,3,0,37,1,0
Byrnes,2015,Baker South,1,42.532470000000004,-70.78275,6.3,80,26.25,68.75,68.75,8.333333333333334,8.5,0.2,0,0.0875,3,0,KEEN ONE,23,0,0,7,1,0,3,11,3,1,0,10,0,0,0,5,0,3,1,36,1,0
Byrnes,2015,Baker South,2,42.53135,-70.78362,6.1,60,17.5,70,70,9,9,0.4125,0,0.075,35,0,KEEN ONE,21,0,2,7,1,0,3,11,3,2,0,12,0,0,0,3,0,3,0,36,1,0
Byrnes,2015,Baker South,3,42.5318388082087,-70.784320263192,9.3,61.25,20,58.75,58.75,11.666666666666666,11.666666666666666,0.1625,0,0.175,27,0,KEEN ONE,25,0,1,7,1,0,4,12,3,1,1,11,0,0,0,5,0,3,0,39,1,0
Byrnes,2015,Baker South,4,42.535017,-70.781513,6.9,82.5,18.75,83.75,83.75,18.166666666666668,18.333333333333336,0.25,0,0.2875,35,2,KEEN ONE,24,0,0,7,1,0,4,13,4,1,0,11,0,0,0,4,0,3,0,39,2,0
Byrnes,2015,Calf Island,1,42.3452899977564,-70.8930599503219,6.9,87.5,7.5,0,16.25,4.833333333333333,6.333333333333333,0.2,0,0.1875,23,0,KEEN ONE,27,0,0,8,5,0,3,14,3,2,1,14,0,0,0,4,0,3,0,44,1,0
Byrnes,2015,Calf Island,1,42.3452899977564,-70.8930599503219,6.9,87.5,7.5,58.75,58.75,4.833333333333333,6.333333333333333,0.2,0,0.1875,23,0,KEEN ONE,27,0,0,8,5,0,3,14,3,2,1,14,0,0,0,4,0,3,0,44,1,0
Byrnes,2015,Calf Island,2,42.3442627117037,-70.8932904526591,8,63.75,10,0,2.5,3.1666666666666665,3.1666666666666665,0.175,0.0125,0.075,22,0,KEEN ONE,25,0,0,8,1,0,4,11,3,2,1,11,0,1,0,5,0,3,0,39,0,0
Byrnes,2015,Calf Island,2,42.3442627117037,-70.8932904526591,8,63.75,10,48.75,48.75,3.1666666666666665,3.1666666666666665,0.175,0.0125,0.075,22,0,KEEN ONE,25,0,0,8,1,0,4,11,3,2,1,11,0,1,0,5,0,3,0,39,0,0
Byrnes,2015,Calf Island,3,42.3424299247562,-70.8929499797523,7,85,15,0,16.25,9.166666666666666,11.666666666666666,0.15,0.025,0.3,81,0,KEEN ONE,22,0,0,8,4,0,4,8,4,2,1,15,0,0,0,5,0,3,0,41,2,0
Byrnes,2015,Calf Island,3,42.3424299247562,-70.8929499797523,7,85,15,58.75,58.75,9.166666666666666,11.666666666666666,0.15,0.025,0.3,81,0,KEEN ONE,22,0,0,8,4,0,4,8,4,2,1,15,0,0,0,5,0,3,0,41,2,0
Byrnes,2015,Calf Island,4,42.3405299987643,-70.8936199452728,8.1,73.75,7.5,0,3.75,8.666666666666666,9.166666666666666,0.1,0.0625,0.2,35,0,KEEN ONE,23,0,1,7,1,0,4,11,4,2,1,12,0,0,0,4,0,3,0,39,1,0
Byrnes,2015,Calf Island,4,42.3405299987643,-70.8936199452728,8.1,73.75,7.5,0,1.25,8.666666666666666,9.166666666666666,0.1,0.0625,0.2,35,0,KEEN ONE,23,0,1,7,1,0,4,11,4,2,1,12,0,0,0,4,0,3,0,39,1,0
Byrnes,2015,Calf Island,4,42.3405299987643,-70.8936199452728,8.1,73.75,7.5,30,30,8.666666666666666,9.166666666666666,0.1,0.0625,0.2,35,0,KEEN ONE,23,0,1,7,1,0,4,11,4,2,1,12,0,0,0,4,0,3,0,39,1,0
Byrnes,2015,Little Brewster,1,42.3272208776325,-70.8915652055293,6.7,61.25,5,0,2.5,6.166666666666667,6.166666666666667,0.4125,0.0125,0.225,2,0,KEEN ONE,22,1,0,9,2,0,3,9,4,1,1,15,0,2,0,3,0,3,1,41,2,0
Byrnes,2015,Little Brewster,1,42.3272208776325,-70.8915652055293,6.7,61.25,5,20,20,6.166666666666667,6.166666666666667,0.4125,0.0125,0.225,2,0,KEEN ONE,22,1,0,9,2,0,3,9,4,1,1,15,0,2,0,3,0,3,1,41,2,0
Byrnes,2015,Little Brewster,2,42.3270465340465,-70.8908638916909,5.8,95,25,61.25,61.25,6,6.5,0.1125,0.0375,0.25,8,0,KEEN ONE,20,0,1,7,1,0,3,9,4,0,0,14,0,3,0,4,0,3,1,38,2,0
Byrnes,2015,Little Brewster,3,42.3273499589413,-70.8897599950432,8.7,78.75,18.75,0,2.5,10.5,10.5,0.275,0,0.1,42,0,KEEN ONE,24,0,1,8,4,0,3,10,3,1,0,15,0,2,0,6,0,3,0,42,1,0
Byrnes,2015,Little Brewster,3,42.3273499589413,-70.8897599950432,8.7,78.75,18.75,43.75,43.75,10.5,10.5,0.275,0,0.1,42,0,KEEN ONE,24,0,1,8,4,0,3,10,3,1,0,15,0,2,0,6,0,3,0,42,1,0
Byrnes,2015,Little Brewster,4,42.3278042580932,-70.8887399174273,6.1,90,3.75,0,5,4.5,4.833333333333333,0.1375,0,0.075,5,0,KEEN ONE,26,0,0,8,4,0,3,13,3,2,2,18,0,2,0,3,1,3,1,47,2,0
Byrnes,2015,Little Brewster,4,42.3278042580932,-70.8887399174273,6.1,90,3.75,0,1.25,4.5,4.833333333333333,0.1375,0,0.075,5,0,KEEN ONE,26,0,0,8,4,0,3,13,3,2,2,18,0,2,0,3,1,3,1,47,2,0
Byrnes,2015,Little Brewster,4,42.3278042580932,-70.8887399174273,6.1,90,3.75,21.25,21.25,4.5,4.833333333333333,0.1375,0,0.075,5,0,KEEN ONE,26,0,0,8,4,0,3,13,3,2,2,18,0,2,0,3,1,3,1,47,2,0
Byrnes,2015,NE Appledore,Broadway and 42nd,42.992189945653,-70.6110799871385,8.7,96.25,0,0,13.75,3.1666666666666665,7,0.025,0.0125,0.1625,16,0,KEEN ONE,24,1,0,9,3,0,3,11,4,2,0,16,0,0,0,4,0,3,1,44,2,1
Byrnes,2015,NE Appledore,Broadway and 42nd,42.992189945653,-70.6110799871385,8.7,96.25,0,27.5,27.5,3.1666666666666665,7,0.025,0.0125,0.1625,16,0,KEEN ONE,24,1,0,9,3,0,3,11,4,2,0,16,0,0,0,4,0,3,1,44,2,1
Byrnes,2015,NE Appledore,Broad Cove,42.9898099880665,-70.6109499838203,7.7,98.75,0,26.25,26.25,7.666666666666667,7.833333333333334,0.0375,0.0125,0.15,1,17,KEEN ONE,20,0,1,7,1,0,3,8,5,2,0,14,0,0,0,5,0,3,0,39,3,1
Byrnes,2015,NE Appledore,Devil's Dance Floor,42.9927154071629,-70.6134819891303,8.5,93.75,8.75,0,2.5,11.666666666666666,11.666666666666666,0.1125,0.0125,0.1125,77,24,KEEN ONE,27,0,0,10,2,0,3,9,4,2,3,13,0,0,0,5,0,3,0,44,2,1
Byrnes,2015,NE Appledore,Devil's Dance Floor,42.9927154071629,-70.6134819891303,8.5,93.75,8.75,55,55,11.666666666666666,11.666666666666666,0.1125,0.0125,0.1125,77,24,KEEN ONE,27,0,0,10,2,0,3,9,4,2,3,13,0,0,0,5,0,3,0,44,2,1
Byrnes,2015,NE Appledore,Norwegian Cove,42.9903699830174,-70.6108799949288,10.2,92.5,0,0,5,7.333333333333333,8.666666666666666,0.0875,0.025,0.1875,21,9,KEEN ONE,26,1,1,7,2,0,3,12,5,2,1,15,0,0,0,6,0,3,0,46,2,1
Byrnes,2015,NE Appledore,Norwegian Cove,42.9903699830174,-70.6108799949288,10.2,92.5,0,62.5,62.5,7.333333333333333,8.666666666666666,0.0875,0.025,0.1875,21,9,KEEN ONE,26,1,1,7,2,0,3,12,5,2,1,15,0,0,0,6,0,3,0,46,2,1
Byrnes,2015,NW Appledore,Sandpiper Beach,42.9902022611349,-70.618576426059,9.1,97.5,0,20,20,3.3333333333333335,3.3333333333333335,0.125,0.0875,0.1625,1,12,KEEN ONE,16,0,0,6,1,0,3,5,4,2,0,14,0,1,0,5,0,3,1,34,2,1
Byrnes,2015,NW Appledore,North Head,42.9929039161652,-70.6156041193753,10.1,98.75,0,0,6.25,2,3.5,0.1125,0.05,0.1375,5,14,KEEN ONE,22,0,1,8,3,0,3,8,4,3,0,16,0,0,0,6,0,3,0,42,2,1
Byrnes,2015,NW Appledore,North Head,42.9929039161652,-70.6156041193753,10.1,98.75,0,23.75,23.75,2,3.5,0.1125,0.05,0.1375,5,14,KEEN ONE,22,0,1,8,3,0,3,8,4,3,0,16,0,0,0,6,0,3,0,42,2,1
Byrnes,2015,NW Appledore,Magic 8 Ball,42.991222590208,-70.6181925348937,8.5,87.5,1.25,0,6.25,6,7.166666666666667,0.025,0,0.125,7,1,KEEN ONE,15,0,1,6,0,0,3,5,4,0,0,12,0,1,0,4,0,3,2,31,1,1
Byrnes,2015,NW Appledore,Magic 8 Ball,42.991222590208,-70.6181925348937,8.5,87.5,1.25,26.25,26.25,6,7.166666666666667,0.025,0,0.125,7,1,KEEN ONE,15,0,1,6,0,0,3,5,4,0,0,12,0,1,0,4,0,3,2,31,1,1
Byrnes,2015,NW Appledore,Larus Ledge,42.9908399563282,-70.6183599215,10.3,78.75,1.25,0,12.5,1.5,3.5,0.075,0.0375,0.2375,11,1,KEEN ONE,19,0,1,7,1,0,3,7,4,1,0,12,0,0,0,5,0,3,0,35,2,1
Byrnes,2015,NW Appledore,Larus Ledge,42.9908399563282,-70.6183599215,10.3,78.75,1.25,28.75,28.75,1.5,3.5,0.075,0.0375,0.2375,11,1,KEEN ONE,19,0,1,7,1,0,3,7,4,1,0,12,0,0,0,5,0,3,0,35,2,1
Byrnes,2015,SW Appledore,North Smith's Cove,42.9850580357015,-70.6188271287828,4.5,81.25,0,5,5,0.3333333333333333,0.3333333333333333,0.175,0,0.075,1,0,KEEN ONE,17,0,1,8,2,0,4,3,3,1,1,15,0,0,0,5,0,3,0,35,3,1
Byrnes,2015,SW Appledore,South Smith's Cove,42.9842899180948,-70.618179962039,6.8,72.5,0,17.5,17.5,0.5,0.6666666666666666,0.1875,0.1,0.175,,,KEEN ONE,14,0,0,7,1,0,4,3,2,1,1,11,0,0,0,3,0,3,0,27,1,1
Byrnes,2015,SW Appledore,North Pepperrell,42.9859418235719,-70.6199330370873,10.4,71.25,0,0,2.5,3,3.3333333333333335,0.05,0.0125,0.2,3,0,KEEN ONE,14,0,0,6,0,0,4,3,3,2,0,11,0,0,0,5,0,3,0,28,1,1
Byrnes,2015,SW Appledore,North Pepperrell,42.9859418235719,-70.6199330370873,10.4,71.25,0,12.5,12.5,3,3.3333333333333335,0.05,0.0125,0.2,3,0,KEEN ONE,14,0,0,6,0,0,4,3,3,2,0,11,0,0,0,5,0,3,0,28,1,1
Byrnes,2015,SW Appledore,South Pepperrell,,,7.6,78.75,0,23.75,23.75,1.5,1.5,0.0625,0.075,0.1375,,,KEEN ONE,14,0,0,7,1,0,3,3,3,2,0,12,0,1,0,4,0,3,0,29,1,1
Byrnes,2016,Baker North,1,42.53749,-70.78549,8.2,87.5,0,55,55,9.5,9.5,0.075,0,0.1125,61,0,KEEN ONE,19,0,0,6,3,0,3,9,3,1,0,12,0,0,0,4,0,3,0,34,2,0
Byrnes,2016,Baker North,2,42.53773,-70.78626,5.7,98.75,0,23.75,23.75,5.166666666666667,5.166666666666667,0.0375,0,0.1125,30,0,KEEN ONE,13,0,1,6,4,0,3,5,3,1,0,14,0,0,0,2,0,3,0,30,2,0
Byrnes,2016,Baker North,3,42.53625,-70.78327,6.7,97.5,5,8.75,8.75,1,1,0.0875,0.05,0.1125,,,KEEN ONE,15,1,0,6,2,0,3,6,2,1,0,12,0,0,0,3,0,3,0,29,2,0
Byrnes,2016,Baker North,4,42.53563,-70.78035,7.2,91.25,0,33.75,33.75,4,4,0.05,0.0375,0.175,9,0,KEEN ONE,13,0,1,6,1,0,3,5,3,1,0,13,0,0,0,2,0,3,1,29,3,0
Byrnes,2016,Baker South,1,42.533568,-70.78228,7.2,85,21.25,56.25,56.25,10.5,10.5,0.025,0,0.1125,44,0,KEEN ONE,19,0,1,6,5,0,3,8,4,3,0,18,0,0,0,5,0,3,1,41,2,0
Byrnes,2016,Baker South,2,42.532335,-70.783988,7.5,57.5,0,66.25,66.25,4.5,4.5,0.075,0.075,0.1,16,0,KEEN ONE,13,0,0,6,2,0,3,5,3,2,0,11,0,0,0,2,0,3,0,27,1,0
Byrnes,2016,Baker South,3,42.531227,-70.78535,7.8,55,32.5,52.5,52.5,8.333333333333334,8.333333333333334,0.0625,0.05,0.1125,12,0,KEEN ONE,18,0,1,6,3,0,3,9,3,1,0,13,0,0,0,3,0,3,0,34,2,0
Byrnes,2016,Baker South,4,42.530752,-70.786561,7.2,3.75,0,53.75,53.75,5,5,0.0375,0.0125,0,8,0,KEEN ONE,10,0,0,6,0,0,3,3,3,2,0,9,0,0,0,1,0,3,0,22,1,0
Byrnes,2016,Calf Island,1,42.345715,-70.89132,6.4,92.5,22.5,0,1.25,6.333333333333333,7,0.0625,0.025,0.1125,,,KEEN ONE,11,0,1,6,2,0,3,3,2,1,0,13,0,0,0,2,0,3,1,26,2,0
Byrnes,2016,Calf Island,1,42.345715,-70.89132,6.4,92.5,22.5,82.5,82.5,6.333333333333333,7,0.0625,0.025,0.1125,,,KEEN ONE,11,0,1,6,2,0,3,3,2,1,0,13,0,0,0,2,0,3,1,26,2,0
Byrnes,2016,Calf Island,2,42.343802,-70.8912,7.6,96.25,57.5,96.25,96.25,11.166666666666666,11.333333333333332,0.0375,0,0.0125,15,0,KEEN ONE,16,0,1,9,2,0,3,4,3,1,0,13,0,0,0,3,0,3,0,32,3,0
Byrnes,2016,Calf Island,3,42.342275,-70.891011,6,98.75,10,73.75,73.75,8.5,13,0.1125,0.0125,0.1125,27,0,KEEN ONE,15,0,0,7,2,0,3,6,3,1,0,11,0,0,0,2,0,3,0,29,2,0
Byrnes,2016,Calf Island,4,42.340155,-70.89377,8.5,82.5,13.75,0,1.25,6,7.166666666666667,0.1,0.0375,0.2,5,0,KEEN ONE,16,0,1,7,3,0,3,4,4,2,0,13,0,0,0,5,0,3,0,33,1,0
Byrnes,2016,Calf Island,4,42.340155,-70.89377,8.5,82.5,13.75,62.5,62.5,6,7.166666666666667,0.1,0.0375,0.2,5,0,KEEN ONE,16,0,1,7,3,0,3,4,4,2,0,13,0,0,0,5,0,3,0,33,1,0
Byrnes,2016,Little Brewster,1,42.328099,-70.888049,6.4,97.5,37.5,28.75,28.75,8.333333333333334,8.333333333333334,0.0875,0.0875,0.0625,30,0,KEEN ONE,13,0,1,7,3,0,3,4,3,1,0,15,0,1,0,2,0,3,0,31,3,0
Byrnes,2016,Little Brewster,2,42.3269,-70.888444,10,76.25,52.5,32.5,32.5,9.833333333333334,9.833333333333334,0.0125,0.025,0.0375,4,0,KEEN ONE,13,0,0,6,3,0,3,4,3,0,0,11,0,1,0,3,0,3,0,27,1,0
Byrnes,2016,Little Brewster,3,42.326938,-70.890339,7.9,100,6.25,0,1.25,2.6666666666666665,3.6666666666666665,0,0.0125,0.0375,54,0,KEEN ONE,13,0,0,7,4,0,4,5,3,0,0,14,0,1,0,1,0,3,0,30,2,0
Byrnes,2016,Little Brewster,3,42.326938,-70.890339,7.9,100,6.25,33.75,33.75,2.6666666666666665,3.6666666666666665,0,0.0125,0.0375,54,0,KEEN ONE,13,0,0,7,4,0,4,5,3,0,0,14,0,1,0,1,0,3,0,30,2,0
Byrnes,2016,Little Brewster,4,42.327162,-70.891487,5.9,87.5,15,0,13.75,6.166666666666667,6.5,0.1375,0.0125,0.05,78,0,KEEN ONE,18,0,0,7,3,0,3,8,4,1,2,14,0,1,0,1,0,3,0,36,3,0
Byrnes,2016,Little Brewster,4,42.327162,-70.891487,5.9,87.5,15,20,20,6.166666666666667,6.5,0.1375,0.0125,0.05,78,0,KEEN ONE,18,0,0,7,3,0,3,8,4,1,2,14,0,1,0,1,0,3,0,36,3,0
Byrnes,2016,NE Appledore,Broadway and 42nd,42.99184,-70.61057,5.9,65,0,13.75,13.75,0.8333333333333334,0.8333333333333334,0.575,0.0125,0.2625,33,0,KEEN ONE,16,0,1,4,2,0,3,8,3,1,1,12,0,0,0,3,0,2,0,31,3,0
Byrnes,2016,NE Appledore,Devil's Dance Floor,42.9976,-70.61309,10,92.5,10,0,3.75,9.5,10.333333333333334,0.0375,0,0.25,46,0,KEEN ONE,18,0,1,3,1,0,3,8,3,1,1,12,0,0,0,6,0,3,0,33,3,0
Byrnes,2016,NE Appledore,Devil's Dance Floor,42.9976,-70.61309,10,92.5,10,50,50,9.5,10.333333333333334,0.0375,0,0.25,46,0,KEEN ONE,18,0,1,3,1,0,3,8,3,1,1,12,0,0,0,6,0,3,0,33,3,0
Byrnes,2016,NE Appledore,Norwegian Cove,42.9906,-70.6115,8.5,81.25,0,33.75,33.75,6.333333333333333,6.666666666666666,0.05,0,0.1625,6,0,KEEN ONE,17,1,1,4,5,0,3,6,3,2,1,18,0,0,0,6,0,3,1,38,1,1
Byrnes,2016,NE Appledore,Broad Cove,42.9898,-70.6108,3,93.75,0,10,10,2.8333333333333335,3.166666666666667,0.2,0,0.325,68,0,KEEN ONE,18,1,4,5,1,0,3,7,3,1,1,15,0,0,0,5,0,3,0,36,2,0
Byrnes,2016,NW Appledore,Larus Ledge,42.99121,-70.61816,6.7,95,3.75,0,1.25,1.3333333333333333,1.3333333333333333,0.4,0.075,0.375,13,0,KEEN ONE,12,1,3,2,3,0,3,7,3,1,0,20,0,0,0,3,0,3,0,35,5,1
Byrnes,2016,NW Appledore,Larus Ledge,42.99121,-70.61816,6.7,95,3.75,16.25,16.25,1.3333333333333333,1.3333333333333333,0.4,0.075,0.375,13,0,KEEN ONE,12,1,3,2,3,0,3,7,3,1,0,20,0,0,0,3,0,3,0,35,5,1
Byrnes,2016,NW Appledore,North Head,42.9931,-70.61526,9.1,96.25,0,0,27.5,1.5,7.666666666666667,0.0875,0.0125,0.1625,6,0,KEEN ONE,13,0,2,2,0,0,3,4,3,2,1,13,0,0,0,6,0,3,0,29,2,1
Byrnes,2016,NW Appledore,North Head,42.9931,-70.61526,9.1,96.25,0,2.5,2.5,1.5,7.666666666666667,0.0875,0.0125,0.1625,6,0,KEEN ONE,13,0,2,2,0,0,3,4,3,2,1,13,0,0,0,6,0,3,0,29,2,1
Byrnes,2016,NW Appledore,Magic 8 Ball,42.99109,-70.61833,7.4,93.75,10,0,2.5,1.5,1.5,0.2,0.0125,0.35,6,0,KEEN ONE,16,0,2,4,3,0,3,6,3,2,0,18,0,0,0,6,0,3,1,37,3,1
Byrnes,2016,NW Appledore,Magic 8 Ball,42.99109,-70.61833,7.4,93.75,10,30,30,1.5,1.5,0.2,0.0125,0.35,6,0,KEEN ONE,16,0,2,4,3,0,3,6,3,2,0,18,0,0,0,6,0,3,1,37,3,1
Byrnes,2016,NW Appledore,Sandpiper Beach,42.99021,-70.61878,9.4,90,13.75,0,17.5,3.6666666666666665,5.833333333333333,0.0375,0.075,0.3125,,,KEEN ONE,13,0,1,5,2,0,3,4,3,2,0,16,0,0,0,4,0,3,1,32,3,1
Byrnes,2016,NW Appledore,Sandpiper Beach,42.99021,-70.61878,9.4,90,13.75,31.25,31.25,3.6666666666666665,5.833333333333333,0.0375,0.075,0.3125,,,KEEN ONE,13,0,1,5,2,0,3,4,3,2,0,16,0,0,0,4,0,3,1,32,3,1
Byrnes,2016,SW Appledore,North Smith's Cove,42.98505,-70.61876,6.4,88.75,1.25,,,0.8333333333333334,0.8333333333333334,0.075,0,0.1375,64,0,KEEN ONE,11,0,1,3,2,0,3,2,4,1,1,11,0,0,0,5,0,3,0,26,1,0
Byrnes,2016,SW Appledore,South Smith's Cove,42.9845,-70.61809,5.5,71.25,1.25,8.75,8.75,,,0.1875,0.075,0.2125,91,0,KEEN ONE,7,0,1,1,2,0,3,3,3,1,0,12,0,0,0,3,0,3,0,22,1,1
Byrnes,2016,SW Appledore,North Pepperrell,42.98606,-70.61996,9.3,83.75,0,0,1.25,1.6666666666666667,1.8333333333333335,0.125,0.2625,0.2125,3,0,KEEN ONE,13,0,3,6,1,0,3,4,3,2,0,14,0,0,0,3,0,3,0,30,1,1
Byrnes,2016,SW Appledore,North Pepperrell,42.98606,-70.61996,9.3,83.75,0,5,5,1.6666666666666667,1.8333333333333335,0.125,0.2625,0.2125,3,0,KEEN ONE,13,0,3,6,1,0,3,4,3,2,0,14,0,0,0,3,0,3,0,30,1,1
Byrnes,2016,SW Appledore,South Pepperrell,42.98566,-70.61964,5.5,83.75,1.25,5,5,0,0.3333333333333333,0.175,0.2,0.2,78,0,KEEN ONE,18,0,1,8,2,0,3,5,4,1,0,14,0,0,0,5,0,3,0,36,3,1
Byrnes,2017,Baker North,1,42.53781,-70.78767,6.1,95,27.5,56.25,56.25,10,10,0.0375,0.025,0.1,4,0,KEEN ONE,12,0,1,4,1,0,3,5,2,1,0,12,0,0,0,3,0,2,1,26,3,0
Byrnes,2017,Baker North,2,42.5379,-70.78578,8,97.5,25,0,2.5,10.166666666666666,10.5,0.0375,0.125,0.125,,,KEEN ONE,17,0,1,7,1,0,3,6,2,0,0,11,0,0,0,4,0,3,1,30,2,0
Byrnes,2017,Baker North,2,42.5379,-70.78578,8,97.5,25,0,3.75,10.166666666666666,10.5,0.0375,0.125,0.125,,,KEEN ONE,17,0,1,7,1,0,3,6,2,0,0,11,0,0,0,4,0,3,1,30,2,0
Byrnes,2017,Baker North,2,42.5379,-70.78578,8,97.5,25,30,30,10.166666666666666,10.5,0.0375,0.125,0.125,,,KEEN ONE,17,0,1,7,1,0,3,6,2,0,0,11,0,0,0,4,0,3,1,30,2,0
Byrnes,2017,Baker North,3,42.5365,-70.78381,5.6,100,10,0,15,7.666666666666667,7.666666666666667,0.1125,0.0375,0.1125,1,0,KEEN ONE,18,0,0,6,0,0,3,6,3,1,1,8,0,0,0,5,0,2,0,29,2,0
Byrnes,2017,Baker North,3,42.5365,-70.78381,5.6,100,10,18.75,18.75,7.666666666666667,7.666666666666667,0.1125,0.0375,0.1125,1,0,KEEN ONE,18,0,0,6,0,0,3,6,3,1,1,8,0,0,0,5,0,2,0,29,2,0
Byrnes,2017,Baker North,4,42.534910000000004,-70.7812,1.3,96.25,11.25,0,10,11.833333333333334,11.833333333333334,0.0875,0.2,0.125,25,0,KEEN ONE,16,0,0,6,2,0,3,5,3,0,1,10,0,0,0,4,0,2,1,29,2,0
Byrnes,2017,Baker North,4,42.534910000000004,-70.7812,1.3,96.25,11.25,27.5,27.5,11.833333333333334,11.833333333333334,0.0875,0.2,0.125,25,0,KEEN ONE,16,0,0,6,2,0,3,5,3,0,1,10,0,0,0,4,0,2,1,29,2,0
Byrnes,2017,Baker South,1,42.52992,-70.78629,6.4,97.5,63.75,26.25,26.25,26.666666666666668,26.666666666666668,0.175,0.075,0.05,10,0,KEEN ONE,19,0,0,5,0,0,3,7,3,1,1,7,0,0,0,6,0,2,0,29,1,0
Byrnes,2017,Baker South,2,42.53057,-70.78473,7.6,10,10,10,10,0.3333333333333333,0.3333333333333333,0.1625,0.0625,0.125,4,0,KEEN ONE,8,0,0,2,1,0,3,3,3,1,0,5,0,0,0,3,0,0,0,16,0,0
Byrnes,2017,Baker South,3,42.53214,-70.78316,8.6,83.75,32.5,36.25,36.25,2,2,0.1125,0.0125,0.2375,46,3,KEEN ONE,21,0,1,7,2,0,3,10,6,2,1,8,0,0,0,3,0,0,0,35,0,0
Byrnes,2017,Baker South,4,42.53159,-70.78199,7.6,100,87.5,0,6.25,19,19,0.0375,0.0875,0.175,3,0,KEEN ONE,15,0,0,7,1,0,3,5,3,0,1,7,0,0,0,2,0,2,0,25,1,0
Byrnes,2017,Baker South,4,42.53159,-70.78199,7.6,100,87.5,20,20,19,19,0.0375,0.0875,0.175,3,0,KEEN ONE,15,0,0,7,1,0,3,5,3,0,1,7,0,0,0,2,0,2,0,25,1,0
Byrnes,2017,Calf Island,1,42.34541,-70.8924,8.3,90,11.25,0,16.25,3.6666666666666665,5.333333333333333,0.0375,0.0125,0.05,48,0,KEEN ONE,19,0,1,3,3,0,3,11,3,2,0,17,0,1,0,5,0,3,1,39,3,0
Byrnes,2017,Calf Island,1,42.34541,-70.8924,8.3,90,11.25,45,45,3.6666666666666665,5.333333333333333,0.0375,0.0125,0.05,48,0,KEEN ONE,19,0,1,3,3,0,3,11,3,2,0,17,0,1,0,5,0,3,1,39,3,0
Byrnes,2017,Calf Island,2,42.34392,-70.89391,8.5,98.75,61.25,0,2.5,2.5,3.1666666666666665,0.0375,0.0125,0.05,89,0,KEEN ONE,16,0,0,5,4,0,3,9,3,2,0,15,0,1,0,2,0,4,0,34,1,0
Byrnes,2017,Calf Island,2,42.34392,-70.89391,8.5,98.75,61.25,41.25,41.25,2.5,3.1666666666666665,0.0375,0.0125,0.05,89,0,KEEN ONE,16,0,0,5,4,0,3,9,3,2,0,15,0,1,0,2,0,4,0,34,1,0
Byrnes,2017,Calf Island,3,42.3419,-70.89213,8.1,100,21.25,0,11.25,3.1666666666666665,4.333333333333333,0.0125,0.0125,0.05,230,0,KEEN ONE,15,0,1,5,3,0,3,8,3,1,0,13,0,0,0,2,0,2,1,31,2,0
Byrnes,2017,Calf Island,3,42.3419,-70.89213,8.1,100,21.25,28.75,28.75,3.1666666666666665,4.333333333333333,0.0125,0.0125,0.05,230,0,KEEN ONE,15,0,1,5,3,0,3,8,3,1,0,13,0,0,0,2,0,2,1,31,2,0
Byrnes,2017,Calf Island,4,42.34048,-70.89324,9.3,97.5,31.25,0,2.5,3,3.5,0.0625,0.1,0.1,7,0,KEEN ONE,15,1,1,4,2,0,3,8,3,1,1,12,0,0,0,2,0,1,1,30,2,0
Byrnes,2017,Calf Island,4,42.34048,-70.89324,9.3,97.5,31.25,21.25,21.25,3,3.5,0.0625,0.1,0.1,7,0,KEEN ONE,15,1,1,4,2,0,3,8,3,1,1,12,0,0,0,2,0,1,1,30,2,0
Byrnes,2017,Little Brewster,1,42.32691,-70.89171,8.5,92.5,13.75,0,2.5,2.8333333333333335,2.8333333333333335,0.0875,0.075,0.075,116,0,KEEN ONE,9,0,0,4,3,0,4,4,3,0,0,14,0,1,0,1,0,2,1,26,3,0
Byrnes,2017,Little Brewster,1,42.32691,-70.89171,8.5,92.5,13.75,11.25,11.25,2.8333333333333335,2.8333333333333335,0.0875,0.075,0.075,116,0,KEEN ONE,9,0,0,4,3,0,4,4,3,0,0,14,0,1,0,1,0,2,1,26,3,0
Byrnes,2017,Little Brewster,2,42.32703,-70.88864,,86.25,16.25,0,2.5,4.166666666666667,4.166666666666667,0.25,0.1875,0.05,55,0,KEEN ONE,14,0,1,3,5,0,3,10,3,1,0,19,0,2,0,1,0,4,1,36,2,0
Byrnes,2017,Little Brewster,2,42.32703,-70.88864,,86.25,16.25,23.75,23.75,4.166666666666667,4.166666666666667,0.25,0.1875,0.05,55,0,KEEN ONE,14,0,1,3,5,0,3,10,3,1,0,19,0,2,0,1,0,4,1,36,2,0
Byrnes,2017,Little Brewster,3,42.32678,-70.8903,7,90,10,0,6.25,2.5,2.5,0.0875,0.0125,0.05,36,0,KEEN ONE,9,0,0,5,3,0,3,4,2,0,0,13,0,1,0,0,0,2,1,24,3,0
Byrnes,2017,Little Brewster,3,42.32678,-70.8903,7,90,10,16.25,16.25,2.5,2.5,0.0875,0.0125,0.05,36,0,KEEN ONE,9,0,0,5,3,0,3,4,2,0,0,13,0,1,0,0,0,2,1,24,3,0
Byrnes,2017,NE Appledore,Broad Cove,42.98997,-70.61086,10.2,80,0,0,20,7.5,16.833333333333336,0.0125,0,0.1,0,3,KEEN ONE,17,0,1,5,2,0,2,7,2,1,1,7,0,0,0,4,0,1,0,26,0,0
Byrnes,2017,NE Appledore,Broad Cove,42.98997,-70.61086,10.2,80,0,46.25,46.25,7.5,16.833333333333336,0.0125,0,0.1,0,3,KEEN ONE,17,0,1,5,2,0,2,7,2,1,1,7,0,0,0,4,0,1,0,26,0,0
Byrnes,2017,NE Appledore,Norwegian Cove,42.99084,-70.61073,8.5,98.75,0,0,1.25,4.166666666666667,4.5,0.0625,0.075,0.175,0,49,KEEN ONE,18,0,2,3,3,0,3,9,3,4,1,16,0,0,0,5,0,1,0,37,3,0
Byrnes,2017,NE Appledore,Norwegian Cove,42.99084,-70.61073,8.5,98.75,0,20,20,4.166666666666667,4.5,0.0625,0.075,0.175,0,49,KEEN ONE,18,0,2,3,3,0,3,9,3,4,1,16,0,0,0,5,0,1,0,37,3,0
Byrnes,2017,NE Appledore,Devil's Dance Floor,42.99288,-70.61346,8.5,,,,,14.333333333333334,14.666666666666668,,,,1,0,KEEN ONE,4,0,0,4,0,0,2,0,2,0,0,4,0,0,0,0,0,2,0,10,0,0
Byrnes,2017,NE Appledore,Broadway 42,42.99266,-70.61152,7.7,100,0,0,2.5,1.8333333333333333,2.333333333333333,0.1,0.0125,0.175,,,KEEN ONE,13,0,0,4,2,0,3,5,2,1,0,11,0,0,0,4,0,1,1,26,3,0
Byrnes,2017,NE Appledore,Broadway 42,42.99266,-70.61152,7.7,100,0,7.5,7.5,1.8333333333333333,2.333333333333333,0.1,0.0125,0.175,,,KEEN ONE,13,0,0,4,2,0,3,5,2,1,0,11,0,0,0,4,0,1,1,26,3,0
Byrnes,2017,NW Appledore,8 Ball,42.99151,-70.61778,10.3,80,11.25,0,1.25,1.8333333333333333,2,0.0375,0.0125,0.2,0,3,KEEN ONE,17,0,0,5,3,0,3,9,3,1,0,10,0,0,0,3,0,1,0,30,2,0
Byrnes,2017,NW Appledore,8 Ball,42.99151,-70.61778,10.3,80,11.25,25,25,1.8333333333333333,2,0.0375,0.0125,0.2,0,3,KEEN ONE,17,0,0,5,3,0,3,9,3,1,0,10,0,0,0,3,0,1,0,30,2,0
Byrnes,2017,NW Appledore,North Head,42.99264,-70.61617,11.1,92.5,6.25,0,5,3,5.666666666666666,0.05,0.0125,0.2125,,,KEEN ONE,16,0,2,5,1,0,3,8,2,1,0,10,0,0,0,3,0,1,0,28,2,0
Byrnes,2017,NW Appledore,North Head,42.99264,-70.61617,11.1,92.5,6.25,28.75,28.75,3,5.666666666666666,0.05,0.0125,0.2125,,,KEEN ONE,16,0,2,5,1,0,3,8,2,1,0,10,0,0,0,3,0,1,0,28,2,0
Byrnes,2017,NW Appledore,Larus Legde,42.99111,-70.61825,8.2,,,,,,,,,,,,,,,,,,,,,,,,,,,,,,,,,,
Byrnes,2017,NW Appledore,Sandpiper Beach,42.99015,-70.61854,10.6,85,2.5,13.75,13.75,8,8.166666666666666,0.075,0.025,0.2625,,,KEEN ONE,15,0,3,6,1,0,3,6,2,2,0,14,0,0,0,3,0,1,0,31,3,1
Byrnes,2017,SW Appledore,South Smith's Cove,42.98434,-70.61806,7.7,72.5,0,10,10,6.5,6.5,0.1375,0.0375,0.25,1,7,KEEN ONE,8,0,1,3,4,0,3,2,4,1,2,11,0,0,0,1,0,1,0,23,1,0
Byrnes,2017,SW Appledore,North Smith's Cove,42.98479,-70.61884,7.4,52.5,0,16.25,16.25,3,3,0.2625,0.025,0.2125,,,KEEN ONE,12,0,0,4,2,0,3,2,2,1,2,8,0,0,0,4,0,1,0,22,1,0
Byrnes,2017,SW Appledore,South Pepperrell,42.98524,-70.61962,7,88.75,0,2.5,2.5,0.8333333333333334,0.8333333333333334,0.075,0.05,0.225,,,KEEN ONE,13,0,1,4,1,0,3,4,1,1,1,10,0,0,0,4,0,1,0,24,2,1
Byrnes,2017,SW Appledore,North Pepperrell,42.98613,-70.6199,7.3,92.5,0,,,1.3333333333333333,1.3333333333333333,0.1375,0.05,0.1625,3,0,KEEN ONE,9,0,1,3,1,0,3,1,3,2,0,11,0,0,0,5,0,1,0,23,2,1
Byrnes,2018,Baker North,1,42.3227,-70.47183,7.7,96.25,8.75,33.75,33.75,8.666666666666666,8.666666666666666,0.0625,0.1125,0.0625,,,KEEN ONE,15,0,1,3,4,0,3,10,2,1,0,11,0,0,0,2,0,2,0,28,0,0
Byrnes,2018,Baker North,2,42.32273,-70.47141,,100,13.75,22.5,22.5,6.333333333333333,6.333333333333333,0.1125,0.0875,0.075,,,KEEN ONE,15,0,2,4,4,0,4,7,2,0,1,13,0,0,0,3,0,2,0,30,1,0
Byrnes,2018,Baker North,3,42.322,-70.47036,2.4,96.25,6.25,16.25,16.25,1.3333333333333333,1.3333333333333333,0.0375,0.025,0.1,,,KEEN ONE,16,0,2,4,0,0,3,8,2,0,1,8,0,0,0,3,0,1,0,26,2,0
Byrnes,2018,Baker North,4,42.53659,-70.78218,,87.5,2.5,0,5,10.333333333333334,11.166666666666668,0.0375,0.0875,0.1625,,,KEEN ONE,18,0,1,7,0,0,3,9,2,1,0,9,0,0,0,2,0,2,0,29,2,0
Byrnes,2018,Baker North,4,42.53659,-70.78218,,87.5,2.5,43.75,43.75,10.333333333333334,11.166666666666668,0.0375,0.0875,0.1625,,,KEEN ONE,18,0,1,7,0,0,3,9,2,1,0,9,0,0,0,2,0,2,0,29,2,0
Byrnes,2018,Baker South,1,42.31792,-70.47157,7.6,100,80,27.5,27.5,2.1666666666666665,5.166666666666666,0.15,0.45,0.05,,,KEEN ONE,19,0,0,6,1,0,3,9,2,2,0,9,0,1,0,4,0,1,0,30,1,0
Byrnes,2018,Baker South,2,42.31831,-70.4707,7.4,100,95,22.5,22.5,0.6666666666666666,1.1666666666666665,0.025,0.3,0.0375,,,KEEN ONE,15,0,0,7,0,0,3,7,2,2,0,7,0,0,0,1,0,1,0,24,1,0
Byrnes,2018,Baker South,3,42.31902,-70.46909,8,95,13.75,31.25,31.25,2.3333333333333335,7.333333333333334,0.0375,0.475,0.0625,,,KEEN ONE,15,0,0,5,3,0,3,8,2,1,0,12,0,1,0,2,0,2,0,29,1,1
Byrnes,2018,Baker South,4,42.31972,-70.46877,7.2,100,3.75,22.5,22.5,4.5,4.666666666666667,0.025,0.1625,0.15,,,KEEN ONE,14,0,0,5,0,0,4,5,2,1,0,9,0,0,0,4,0,1,0,25,2,1
Byrnes,2018,NE Appledore,1,42.9897,-70.61036,9.1,,,,,,,,,,,,,,,,,,,,,,,,,,,,,,,,,,
Byrnes,2018,NE Appledore,2,42.99039,-70.61139,9.3,,,,,,,,,,,,,,,,,,,,,,,,,,,,,,,,,,
Byrnes,2018,NE Appledore,3,42.99242,-70.6115,9.6,,,,,,,,,,,,,,,,,,,,,,,,,,,,,,,,,,
Byrnes,2018,NE Appledore,4,42.99276,-70.61322,8.7,,,,,,,,,,,,,,,,,,,,,,,,,,,,,,,,,,
Byrnes,2018,NW Appledore,North Head,42.99315,-70.61552,14.9,98.75,1.25,0,6.25,2.1666666666666665,4.333333333333333,0.1,0.025,0.1625,,,KEEN ONE,16,1,2,4,1,0,3,6,2,2,1,13,0,0,0,5,0,1,0,31,2,1
Byrnes,2018,NW Appledore,North Head,42.99315,-70.61552,14.9,98.75,1.25,17.5,17.5,2.1666666666666665,4.333333333333333,0.1,0.025,0.1625,,,KEEN ONE,16,1,2,4,1,0,3,6,2,2,1,13,0,0,0,5,0,1,0,31,2,1
Byrnes,2018,NW Appledore,Larus Ledge,42.99079,-70.61849,9.6,77.5,0,0,6.25,0.8333333333333334,3,0.2,0,0.3,,,KEEN ONE,15,0,2,5,3,0,2,5,2,2,0,12,0,0,0,5,0,1,1,29,1,0
Byrnes,2018,NW Appledore,Larus Ledge,42.99079,-70.61849,9.6,77.5,0,15,15,0.8333333333333334,3,0.2,0,0.3,,,KEEN ONE,15,0,2,5,3,0,2,5,2,2,0,12,0,0,0,5,0,1,1,29,1,0
Byrnes,2018,NW Appledore,8 Ball,42.99039,-70.61851,9.7,90,0,30,30,5.666666666666667,5.666666666666667,0.175,0,0.2,,,KEEN ONE,14,0,0,3,3,0,2,6,2,2,2,11,0,0,0,3,0,2,0,27,2,0
Byrnes,2018,SW Appledore,1,42.9861,-70.6197,6.9,,,,,,,,,,,,,,,,,,,,,,,,,,,,,,,,,,
Byrnes,2018,SW Appledore,2,42.98514,-70.61996,10.9,,,,,,,,,,,,,,,,,,,,,,,,,,,,,,,,,,
Byrnes,2018,SW Appledore,3,42.98486,-70.61892,9.8,,,,,,,,,,,,,,,,,,,,,,,,,,,,,,,,,,
Byrnes,2018,SW Appledore,4,42.98446,-70.61829,8.5,,,,,,,,,,,,,,,,,,,,,,,,,,,,,,,,,,
Cleaver,2016,HURR,1,44.03962,-68.88798,7,63.75,0,45,45,,,0.025,0.0375,0.0625,,,KEEN ONE,8,0,0,2,1,0,4,3,0,4,2,10,0,0,0,1,0,0,1,18,0,0
Cleaver,2016,HURR,2,44.0408,-68.8953,8,76.25,0,73.75,73.75,,,0.025,0.05,0.025,,,KEEN ONE,10,0,0,1,1,0,4,6,0,4,1,12,0,0,0,2,1,0,0,22,2,0
Cleaver,2016,HURR,3,44.03958,-68.89525,6,78.75,11.25,72.5,72.5,,,0,0.025,0.0125,,,KEEN ONE,10,0,2,2,2,0,3,6,0,2,0,13,0,0,0,2,0,1,0,23,3,0
Cleaver,2016,HURR,4,44.03882,-68.89298,8,97.5,5,0,3.75,,,0,0.0375,0.0125,,,KEEN ONE,13,0,1,4,1,0,3,4,0,3,3,12,0,0,0,2,0,1,0,25,3,0
Cleaver,2016,HURR,4,44.03882,-68.89298,8,97.5,5,0,1.25,,,0,0.0375,0.0125,,,KEEN ONE,13,0,1,4,1,0,3,4,0,3,3,12,0,0,0,2,0,1,0,25,3,0
Cleaver,2016,HURR,4,44.03882,-68.89298,8,97.5,5,68.75,68.75,,,0,0.0375,0.0125,,,KEEN ONE,13,0,1,4,1,0,3,4,0,3,3,12,0,0,0,2,0,1,0,25,3,0
Cleaver,2017,HURR,1,44.03995,-68.88836,7,,,,,,,,,,0,37,KEEN ONE,0,0,0,0,0,0,0,0,1,0,0,0,0,0,0,0,0,0,0,1,0,0
Cleaver,2017,HURR,2,44.04085,-68.89433,4,,,,,,,,,,,,,,,,,,,,,,,,,,,,,,,,,,
Cleaver,2017,HURR,3,44.03941,-68.89541,9,,,,,,,,,,0,18,KEEN ONE,0,0,0,0,0,0,0,0,3,0,0,0,0,0,0,0,0,0,0,3,0,0
Cleaver,2017,HURR,4,44.03881,-68.89272,4,,,,,,,,,,,,,,,,,,,,,,,,,,,,,,,,,,
Cleaver,2017,Schoodic,1,44.36827,-68.07795,3,,,,,,,,,,,,,,,,,,,,,,,,,,,,,,,,,,
Cleaver,2017,Schoodic,2,44.36795,-68.07792,10,,,,,,,,,,,,,,,,,,,,,,,,,,,,,,,,,,
Cleaver,2017,Schoodic,3,44.36807,-68.07841,11,,,,,,,,,,,,,,,,,,,,,,,,,,,,,,,,,,
Cleaver,2017,Schoodic,4,44.36835,-68.07846,9,,,,,,,,,,,,,,,,,,,,,,,,,,,,,,,,,,
Dijkstra,2014,Nubble Lighthouse,1,43.164158,-70.591034,7.3,96.25,0,0,3.75,0,5.833333333333334,0,0.1,0.15,1,0,KEEN ONE,19,1,1,8,3,0,3,8,3,0,0,15,0,0,0,3,0,3,0,37,3,1
Dijkstra,2014,Nubble Lighthouse,1,43.164158,-70.591034,7.3,96.25,0,0,21.25,0,5.833333333333334,0,0.1,0.15,1,0,KEEN ONE,19,1,1,8,3,0,3,8,3,0,0,15,0,0,0,3,0,3,0,37,3,1
Dijkstra,2014,Nubble Lighthouse,1,43.164158,-70.591034,7.3,96.25,0,1.25,1.25,0,5.833333333333334,0,0.1,0.15,1,0,KEEN ONE,19,1,1,8,3,0,3,8,3,0,0,15,0,0,0,3,0,3,0,37,3,1
Dijkstra,2015,Nubble Lighthouse,1,43.166109,-70.592358,6.4,0,0,0,10,5.5,7.5,0.075,0.025,0.1375,9,0,KEEN ONE,19,0,0,6,0,0,4,10,4,2,1,9,0,0,0,2,0,2,0,32,0,1
Dijkstra,2015,Nubble Lighthouse,1,43.166109,-70.592358,6.4,0,0,12.5,12.5,5.5,7.5,0.075,0.025,0.1375,9,0,KEEN ONE,19,0,0,6,0,0,4,10,4,2,1,9,0,0,0,2,0,2,0,32,0,1
Dijkstra,2017,Nubble Lighthouse,1,43.166336,-70.592522,7,0,0,,,0.6666666666666666,0.8333333333333333,,,,1,0,KEEN ONE,10,0,0,5,0,0,1,4,2,0,1,1,0,0,0,0,0,0,0,13,0,0
Dijkstra,2017,Nubble Lighthouse,2,43.166261,-70.592358,6.5,0,0,1.25,1.25,1.5,2,,,,4,0,KEEN ONE,9,0,0,4,0,0,1,5,1,1,0,3,0,0,0,0,0,1,0,13,0,0
Dijkstra,2017,Nubble Lighthouse,3,43.166408,-70.591867,5.8,0,0,2.5,2.5,1.6666666666666667,2.666666666666667,,,,2,0,KEEN ONE,8,0,0,5,0,0,2,2,3,1,0,4,0,0,0,1,0,1,0,15,0,0
Dijkstra,2017,Nubble Lighthouse,4,43.166631,-70.591681,7,0,0,0,2.5,0.6666666666666666,3.833333333333333,,,,1,0,KEEN ONE,10,0,0,5,0,0,1,4,2,0,0,2,0,0,0,1,0,1,0,14,0,0
Dijkstra,2017,Nubble Lighthouse,4,43.166631,-70.591681,7,0,0,1.25,1.25,0.6666666666666666,3.833333333333333,,,,1,0,KEEN ONE,10,0,0,5,0,0,1,4,2,0,0,2,0,0,0,1,0,1,0,14,0,0
Grabowski,2015,Canoe Beach,1,42.42101,-70.90135,7.3,82.5,27.5,0,1.25,9.166666666666666,9.166666666666666,0.15,0.0125,0.0875,7,0,KEEN ONE,15,0,0,3,3,0,3,5,3,0,1,12,0,0,0,6,0,3,2,30,1,0
Grabowski,2015,Canoe Beach,1,42.42101,-70.90135,7.3,82.5,27.5,6.25,6.25,9.166666666666666,9.166666666666666,0.15,0.0125,0.0875,7,0,KEEN ONE,15,0,0,3,3,0,3,5,3,0,1,12,0,0,0,6,0,3,2,30,1,0
Grabowski,2015,Canoe Beach,2,42.42038,-70.90422,6.09,82.5,27.5,20,20,6.166666666666667,6.166666666666667,0.1,0.0875,0.1125,7,0,KEEN ONE,13,0,0,3,2,0,3,9,2,0,1,9,0,0,0,0,0,2,1,24,1,0
Grabowski,2015,Pumphouse Beach,1,42.41629,-70.90759,5.49,62.5,31.25,32.5,32.5,5.666666666666667,5.666666666666667,0.0625,0.05,0.025,,,KEEN ONE,15,0,0,4,1,0,3,6,1,2,1,9,0,0,0,4,0,2,1,25,0,0
Grabowski,2015,Pumphouse Beach,2,42.4162,-70.90679,4.57,85,56.25,8.75,8.75,4.5,4.5,0.05,0.0375,0.0125,1,0,KEEN ONE,16,0,0,6,2,0,3,6,2,0,1,8,0,0,0,3,0,1,2,26,0,0
Grabowski,2016,Canoe Beach,1,42.42065,-70.90685,6.71,97.5,33.75,17.5,17.5,2.1666666666666665,2.1666666666666665,0.4,0.0875,0.0625,18,0,KEEN ONE,17,0,0,4,0,0,4,6,4,1,3,11,0,0,0,4,0,3,1,32,2,0
Grabowski,2016,Canoe Beach,2,42.42117,-70.90617,7.42,80,6.25,36.25,36.25,7,7,0.1625,0.0375,0.075,33,0,KEEN ONE,10,0,0,2,2,0,3,5,4,1,1,10,0,0,0,2,0,3,0,24,1,0
Grabowski,2016,Pemaquid,3,,,8,23.75,0,0,8.75,0.5,0.5,0.15,0,0.0375,22,27,KEEN ONE,9,0,0,5,0,0,2,4,4,0,0,4,0,0,0,0,0,2,0,17,0,0
Grabowski,2016,Pemaquid,3,,,8,23.75,0,6.25,6.25,0.5,0.5,0.15,0,0.0375,22,27,KEEN ONE,9,0,0,5,0,0,2,4,4,0,0,4,0,0,0,0,0,2,0,17,0,0
Grabowski,2016,Pemaquid,4,,,4.9,92.5,2.5,0,17.5,5.666666666666667,5.666666666666667,0.0625,0,0,2,0,KEEN ONE,10,0,0,4,0,0,1,5,2,0,1,5,0,0,0,0,0,1,1,17,2,0
Grabowski,2016,Pemaquid,4,,,4.9,92.5,2.5,16.25,16.25,5.666666666666667,5.666666666666667,0.0625,0,0,2,0,KEEN ONE,10,0,0,4,0,0,1,5,2,0,1,5,0,0,0,0,0,1,1,17,2,0
Grabowski,2016,Pemaquid,1,43.83558,-69.50793,3.96,96.25,3.75,0,36.25,3.1666666666666665,4.333333333333333,0.025,0,0.025,23,0,KEEN ONE,17,1,0,5,1,0,3,8,1,0,2,10,0,0,0,2,0,3,0,28,2,0
Grabowski,2016,Pemaquid,1,43.83558,-69.50793,3.96,96.25,3.75,21.25,21.25,3.1666666666666665,4.333333333333333,0.025,0,0.025,23,0,KEEN ONE,17,1,0,5,1,0,3,8,1,0,2,10,0,0,0,2,0,3,0,28,2,0
Grabowski,2016,Pemaquid,2,43.83588,-69.50784,5.49,85,0,0,11.25,10.5,11,0.025,0.025,0.05,5,38,KEEN ONE,17,0,0,6,0,0,3,8,4,0,1,7,0,0,0,2,0,2,0,28,2,0
Grabowski,2016,Pemaquid,2,43.83588,-69.50784,5.49,85,0,6.25,6.25,10.5,11,0.025,0.025,0.05,5,38,KEEN ONE,17,0,0,6,0,0,3,8,4,0,1,7,0,0,0,2,0,2,0,28,2,0
Grabowski,2017,Canoe Beach,1,42.420183,-70.906467,4,97.5,58.75,42.5,42.5,6.833333333333333,6.833333333333333,0.1125,0.0875,0.05,2,0,KEEN ONE,15,0,0,5,0,0,5,7,2,1,1,9,0,0,0,2,1,1,0,26,1,0
Grabowski,2017,Canoe Beach,2,42.420264,-70.906468,4,97.5,47.5,35,35,7.5,7.5,0.1375,0.025,0.0125,38,0,KEEN ONE,13,0,0,4,0,0,5,6,1,1,1,8,0,0,0,2,0,2,0,22,0,0
Grabowski,2017,Pumphouse Beach,3,42.41659,-70.907536,3.6,17.5,6.25,33.75,33.75,,,0.0625,0.025,0,8,1,KEEN ONE,14,0,0,5,1,0,2,6,3,1,1,4,0,0,0,2,0,0,0,21,0,0
Grabowski,2017,Pumphouse Beach,4,42.416496,-70.907669,4.89,0,0,33.75,33.75,,,0.025,0,0.025,3,1,KEEN ONE,13,0,0,5,0,0,2,5,2,0,1,2,0,0,0,2,0,0,0,17,0,0
Humphries,2016,Fort Weatherill,1,41.4772145407588,-71.3664210546525,6,77.5,13.75,0,1.25,7,10.5,0,0,0.0125,39,0,KEEN ONE,12,2,0,4,1,1,2,7,6,1,0,13,0,0,0,1,0,2,0,31,4,0
Humphries,2016,Fort Weatherill,1,41.4772145407588,-71.3664210546525,6,77.5,13.75,8.75,8.75,7,10.5,0,0,0.0125,39,0,KEEN ONE,12,2,0,4,1,1,2,7,6,1,0,13,0,0,0,1,0,2,0,31,4,0
Humphries,2016,Fort Weatherill,2,41.4769146682058,-71.3635710156022,9,85,1.25,26.25,26.25,4.5,6.833333333333334,0,0,0.025,71,0,KEEN ONE,11,2,0,4,1,1,1,5,5,3,1,14,0,0,1,1,2,1,0,30,2,0
Humphries,2016,Fort Weatherill,3,41.4781297326476,-71.3617350539949,9,75,0,2.5,2.5,0.8333333333333334,1.3333333333333335,0,0,0.025,53,0,KEEN ONE,8,1,0,3,0,0,1,5,5,0,0,5,0,0,0,0,0,1,0,18,1,1
Humphries,2016,Fort Weatherill,4,41.4774668826876,-71.3594229621577,7,87.5,2.5,1.25,1.25,1.3333333333333333,2.6666666666666665,0,0,0.025,30,0,KEEN ONE,12,3,0,4,1,0,2,8,5,1,0,11,0,0,0,0,0,1,1,28,1,1
Humphries,2017,Fort Weatherill,1,41.4772430268374,-71.3664210539615,10,51.25,0,0,2.5,1.1666666666666667,1.3333333333333335,,,,146,0,KEEN ONE,7,0,2,3,1,1,0,4,6,0,0,6,0,0,0,0,0,1,1,19,0,0
Humphries,2017,Fort Weatherill,1,41.4772430268374,-71.3664210539615,10,51.25,0,1.25,1.25,1.1666666666666667,1.3333333333333335,,,,146,0,KEEN ONE,7,0,2,3,1,1,0,4,6,0,0,6,0,0,0,0,0,1,1,19,0,0
Humphries,2017,Fort Weatherill,2,41.4769430172352,-71.3635710149172,8,87.5,3.75,2.5,2.5,1.5,1.5,,,,283,0,KEEN ONE,10,0,1,2,0,1,0,6,5,1,1,5,1,0,0,0,0,1,0,20,0,1
Humphries,2017,Fort Weatherill,3,41.4781579934827,-71.3617350533138,9,86.25,0,5,5,3,3.6666666666666665,,,,227,0,KEEN ONE,14,0,1,4,0,1,1,10,5,1,0,7,0,0,0,0,0,1,0,26,1,1
Humphries,2017,Fort Weatherill,4,41.4774950330157,-71.3594229614814,7,61.25,3.75,0,2.5,2.8333333333333335,4.666666666666667,,,,131,0,KEEN ONE,14,0,1,4,0,1,1,9,4,0,0,5,0,0,0,1,0,1,1,23,0,0
Humphries,2017,Fort Weatherill,4,41.4774950330157,-71.3594229614814,7,61.25,3.75,11.25,11.25,2.8333333333333335,4.666666666666667,,,,131,0,KEEN ONE,14,0,1,4,0,1,1,9,4,0,0,5,0,0,0,1,0,1,1,23,0,0
